0,0,-0.0089425,0.03312,-0.017085
7,0,-0.0090765,0.033478,-0.01596
14,0,-0.009989,0.034059,-0.015446
21,0,-0.010736,0.034443,-0.015049
28,0,-0.011137,0.034292,-0.014685
35,0,-0.011579,0.033809,-0.014394
42,0,-0.011457,0.032433,-0.013901
49,0,-0.011329,0.032838,-0.014235
56,0,-0.011472,0.033912,-0.014531
63,0,-0.011722,0.034746,-0.01449
70,0,-0.012029,0.035265,-0.013805
77,0,-0.012562,0.035197,-0.013066
84,0,-0.012631,0.037055,-0.011663
91,0,-0.012503,0.038792,-0.01016
98,0,-0.012126,0.041381,-0.0093255
105,0,-0.012045,0.044615,-0.009334
112,0,-0.011262,0.049454,-0.0086406
119,0,-0.011237,0.053601,-0.0098438
126,0,-0.011105,0.058578,-0.010537
133,0,-0.010306,0.062253,-0.010792
140,0,-0.0098464,0.067517,-0.0098561
147,0,-0.010006,0.074475,-0.0087632
0,7,-0.0097617,0.031863,-0.017335
7,7,-0.010142,0.032943,-0.016304
14,7,-0.010636,0.033901,-0.015575
21,7,-0.011366,0.034226,-0.015185
28,7,-0.011618,0.034221,-0.014788
35,7,-0.01196,0.033189,-0.014268
42,7,-0.011913,0.033186,-0.014237
49,7,-0.011682,0.033619,-0.014636
56,7,-0.011721,0.034109,-0.014871
63,7,-0.011673,0.034077,-0.014597
70,7,-0.011565,0.034192,-0.014012
77,7,-0.011612,0.034457,-0.013308
84,7,-0.012007,0.034831,-0.012475
91,7,-0.012119,0.036927,-0.010984
98,7,-0.011922,0.039184,-0.010166
105,7,-0.011878,0.042132,-0.010279
112,7,-0.011583,0.045693,-0.010856
119,7,-0.010979,0.051678,-0.010916
126,7,-0.01086,0.055691,-0.011655
133,7,-0.010469,0.059094,-0.012125
140,7,-0.010211,0.063567,-0.011754
147,7,-0.011428,0.070168,-0.01134
0,14,-0.0099634,0.03067,-0.017499
7,14,-0.010356,0.031923,-0.01645
14,14,-0.010913,0.032839,-0.015686
21,14,-0.011753,0.033276,-0.015212
28,14,-0.011944,0.033703,-0.014797
35,14,-0.012186,0.033057,-0.014203
42,14,-0.01219,0.033307,-0.014367
49,14,-0.012097,0.033799,-0.014689
56,14,-0.011845,0.033981,-0.014818
63,14,-0.011483,0.033661,-0.014447
70,14,-0.011281,0.033563,-0.013893
77,14,-0.011297,0.033983,-0.013333
84,14,-0.011819,0.034459,-0.012452
91,14,-0.011917,0.036374,-0.010948
98,14,-0.011713,0.03825,-0.010275
105,14,-0.011688,0.041051,-0.010517
112,14,-0.011641,0.044449,-0.011341
119,14,-0.010978,0.049975,-0.011415
126,14,-0.011109,0.053257,-0.012055
133,14,-0.011033,0.056046,-0.012626
140,14,-0.01115,0.059794,-0.012781
147,14,-0.012768,0.065318,-0.012542
0,21,-0.0099876,0.030019,-0.017758
7,21,-0.010431,0.031428,-0.016797
14,21,-0.010998,0.032301,-0.016004
21,21,-0.011684,0.032721,-0.015341
28,21,-0.011984,0.033214,-0.014926
35,21,-0.012195,0.033005,-0.014277
42,21,-0.012401,0.033341,-0.014502
49,21,-0.01229,0.033694,-0.014776
56,21,-0.011994,0.033664,-0.014816
63,21,-0.011491,0.03337,-0.014469
70,21,-0.011352,0.033591,-0.01392
77,21,-0.011366,0.034166,-0.01329
84,21,-0.011831,0.034798,-0.012309
91,21,-0.012134,0.036456,-0.011031
98,21,-0.011879,0.038204,-0.010449
105,21,-0.011579,0.040619,-0.010516
112,21,-0.011744,0.043662,-0.011448
119,21,-0.011447,0.048684,-0.011594
126,21,-0.011724,0.051383,-0.012263
133,21,-0.011833,0.05356,-0.012957
140,21,-0.012163,0.056783,-0.013405
147,21,-0.013857,0.061416,-0.013644
0,28,-0.0098987,0.030045,-0.018445
7,28,-0.010508,0.031348,-0.017374
14,28,-0.011171,0.032234,-0.016468
21,28,-0.011729,0.032719,-0.015689
28,28,-0.012059,0.032799,-0.014943
35,28,-0.012366,0.033354,-0.014561
42,28,-0.01262,0.033828,-0.014619
49,28,-0.012582,0.033933,-0.014926
56,28,-0.012255,0.03366,-0.014873
63,28,-0.011822,0.033422,-0.014681
70,28,-0.01142,0.033696,-0.014225
77,28,-0.011488,0.034474,-0.013501
84,28,-0.011783,0.035317,-0.012432
91,28,-0.012065,0.036042,-0.011504
98,28,-0.011923,0.037889,-0.010975
105,28,-0.011492,0.039951,-0.01125
112,28,-0.011659,0.042823,-0.012092
119,28,-0.012323,0.046743,-0.01309
126,28,-0.012479,0.050602,-0.012949
133,28,-0.012953,0.052892,-0.0138
140,28,-0.013956,0.055766,-0.014676
147,28,-0.015276,0.058303,-0.01458
0,35,-0.0097049,0.031231,-0.019046
7,35,-0.010444,0.031311,-0.017636
14,35,-0.011246,0.031927,-0.016797
21,35,-0.011851,0.032674,-0.016031
28,35,-0.01224,0.03342,-0.015472
35,35,-0.012679,0.0341,-0.014869
42,35,-0.012738,0.034357,-0.014717
49,35,-0.012728,0.034261,-0.014951
56,35,-0.012484,0.033746,-0.015024
63,35,-0.012179,0.033662,-0.015075
70,35,-0.011814,0.033987,-0.014825
77,35,-0.011716,0.034667,-0.013972
84,35,-0.011779,0.035334,-0.012822
91,35,-0.011895,0.036229,-0.011875
98,35,-0.011715,0.037509,-0.011508
105,35,-0.01142,0.038972,-0.011904
112,35,-0.011877,0.041176,-0.012984
119,35,-0.01321,0.045054,-0.014326
126,35,-0.013927,0.047178,-0.014883
133,35,-0.014626,0.048975,-0.015924
140,35,-0.015995,0.051088,-0.016895
147,35,-0.016249,0.054722,-0.015583
0,42,-0.0094867,0.031169,-0.018864
7,42,-0.010526,0.031761,-0.017983
14,42,-0.011387,0.032217,-0.016987
21,42,-0.011898,0.03278,-0.016131
28,42,-0.012453,0.033346,-0.015537
35,42,-0.012807,0.034054,-0.014849
42,42,-0.012789,0.034204,-0.014481
49,42,-0.012712,0.033987,-0.01448
56,42,-0.012493,0.033676,-0.014712
63,42,-0.01246,0.033584,-0.01502
70,42,-0.01206,0.033793,-0.015043
77,42,-0.01177,0.034255,-0.01444
84,42,-0.011836,0.034924,-0.013286
91,42,-0.012035,0.035738,-0.012346
98,42,-0.012089,0.036714,-0.012114
105,42,-0.012078,0.03832,-0.012485
112,42,-0.012773,0.040477,-0.013493
119,42,-0.013998,0.042883,-0.014994
126,42,-0.014727,0.044439,-0.015742
133,42,-0.015459,0.045763,-0.016891
140,42,-0.016696,0.047234,-0.018316
147,42,-0.017976,0.048917,-0.018228
0,49,-0.0096937,0.031626,-0.01891
7,49,-0.010618,0.031642,-0.018023
14,49,-0.01152,0.031792,-0.016883
21,49,-0.011931,0.032272,-0.016066
28,49,-0.012467,0.032748,-0.015519
35,49,-0.012844,0.033337,-0.014757
42,49,-0.012784,0.033449,-0.014248
49,49,-0.012566,0.03334,-0.014153
56,49,-0.012534,0.03322,-0.014414
63,49,-0.012402,0.033147,-0.014788
70,49,-0.012149,0.033381,-0.015071
77,49,-0.011992,0.033581,-0.014625
84,49,-0.012093,0.03397,-0.013707
91,49,-0.012494,0.034608,-0.012918
98,49,-0.012786,0.035623,-0.012661
105,49,-0.01306,0.037003,-0.013182
112,49,-0.014008,0.038889,-0.014385
119,49,-0.015022,0.040719,-0.015739
126,49,-0.015486,0.041813,-0.016363
133,49,-0.016132,0.042877,-0.017672
140,49,-0.017183,0.043889,-0.019055
147,49,-0.018008,0.045141,-0.019735
0,56,-0.010064,0.03188,-0.019071
7,56,-0.011032,0.031795,-0.018062
14,56,-0.011548,0.031683,-0.017078
21,56,-0.011878,0.031867,-0.016286
28,56,-0.012328,0.032131,-0.015791
35,56,-0.012664,0.032544,-0.015091
42,56,-0.012783,0.032727,-0.014407
49,56,-0.012627,0.032727,-0.014178
56,56,-0.012432,0.032566,-0.014378
63,56,-0.012291,0.03266,-0.014865
70,56,-0.012334,0.032806,-0.015082
77,56,-0.012228,0.032873,-0.014858
84,56,-0.012459,0.033177,-0.014095
91,56,-0.012962,0.033808,-0.013485
98,56,-0.013476,0.034555,-0.013403
105,56,-0.014164,0.035805,-0.014122
112,56,-0.015095,0.037359,-0.015466
119,56,-0.016082,0.03853,-0.016661
126,56,-0.016233,0.039229,-0.017509
133,56,-0.016755,0.040122,-0.018727
140,56,-0.017221,0.041114,-0.020111
147,56,-0.018222,0.041508,-0.021045
0,63,-0.010529,0.032274,-0.019735
7,63,-0.011031,0.031751,-0.018477
14,63,-0.011369,0.031506,-0.017641
21,63,-0.011787,0.031609,-0.016964
28,63,-0.012017,0.03189,-0.016556
35,63,-0.012639,0.031866,-0.015726
42,63,-0.012797,0.032156,-0.014939
49,63,-0.012697,0.032296,-0.014572
56,63,-0.012513,0.032141,-0.014588
63,63,-0.012408,0.032233,-0.014978
70,63,-0.01249,0.032137,-0.015272
77,63,-0.012605,0.032129,-0.015106
84,63,-0.01293,0.032374,-0.014505
91,63,-0.013372,0.03297,-0.013965
98,63,-0.01423,0.033792,-0.014207
105,63,-0.015001,0.034849,-0.015123
112,63,-0.0159,0.035977,-0.016431
119,63,-0.016861,0.036591,-0.017797
126,63,-0.017052,0.037201,-0.018634
133,63,-0.017707,0.038121,-0.020035
140,63,-0.018125,0.038786,-0.021437
147,63,-0.018452,0.038723,-0.02214
0,70,-0.011038,0.032094,-0.020243
7,70,-0.010891,0.031498,-0.019238
14,70,-0.011205,0.031368,-0.018326
21,70,-0.011693,0.031505,-0.017782
28,70,-0.012031,0.031706,-0.017231
35,70,-0.012646,0.031631,-0.016489
42,70,-0.013131,0.031901,-0.015584
49,70,-0.013059,0.032018,-0.015003
56,70,-0.012562,0.032033,-0.014871
63,70,-0.0125,0.032032,-0.01514
70,70,-0.012667,0.031851,-0.015317
77,70,-0.012981,0.031678,-0.015221
84,70,-0.013251,0.031737,-0.014825
91,70,-0.013786,0.03213,-0.014574
98,70,-0.014518,0.032774,-0.014846
105,70,-0.015508,0.033637,-0.015926
112,70,-0.016495,0.034685,-0.017291
119,70,-0.017403,0.035084,-0.018831
126,70,-0.018096,0.035564,-0.019864
133,70,-0.01879,0.036499,-0.021275
140,70,-0.019389,0.036934,-0.022654
147,70,-0.019474,0.03656,-0.023357
0,77,-0.01059,0.031447,-0.020584
7,77,-0.010594,0.030901,-0.019794
14,77,-0.011218,0.031088,-0.018984
21,77,-0.011731,0.031449,-0.018401
28,77,-0.012202,0.031447,-0.017764
35,77,-0.012918,0.031451,-0.016985
42,77,-0.013399,0.031695,-0.016189
49,77,-0.013334,0.031951,-0.015344
56,77,-0.013,0.032112,-0.015092
63,77,-0.012883,0.032028,-0.015131
70,77,-0.012992,0.031788,-0.015285
77,77,-0.013414,0.031574,-0.01508
84,77,-0.013721,0.031393,-0.01484
91,77,-0.014243,0.031483,-0.014802
98,77,-0.015119,0.03196,-0.015201
105,77,-0.016022,0.032766,-0.016325
112,77,-0.016983,0.033686,-0.017757
119,77,-0.017765,0.034083,-0.019345
126,77,-0.018629,0.034516,-0.020434
133,77,-0.01946,0.035229,-0.021925
140,77,-0.01993,0.035561,-0.023258
147,77,-0.020829,0.035014,-0.024199
0,84,-0.0096678,0.030642,-0.020699
7,84,-0.010574,0.030417,-0.02003
14,84,-0.011347,0.030677,-0.019407
21,84,-0.011949,0.031062,-0.018879
28,84,-0.012495,0.031159,-0.018197
35,84,-0.013289,0.031393,-0.017385
42,84,-0.013861,0.031673,-0.016522
49,84,-0.013731,0.031968,-0.01574
56,84,-0.013439,0.032304,-0.015272
63,84,-0.013296,0.032373,-0.015101
70,84,-0.013381,0.032112,-0.014847
77,84,-0.013703,0.031747,-0.01466
84,84,-0.014152,0.031437,-0.014558
91,84,-0.014854,0.031487,-0.014617
98,84,-0.015601,0.03197,-0.015234
105,84,-0.016561,0.032673,-0.0165
112,84,-0.017221,0.033696,-0.018044
119,84,-0.017988,0.034101,-0.019342
126,84,-0.018943,0.034529,-0.020658
133,84,-0.019744,0.034944,-0.021943
140,84,-0.02042,0.034961,-0.023331
147,84,-0.021463,0.034408,-0.024198
0,91,-0.009231,0.030103,-0.020742
7,91,-0.010684,0.030133,-0.02023
14,91,-0.011552,0.030519,-0.019792
21,91,-0.012371,0.030917,-0.019134
28,91,-0.012931,0.031128,-0.01849
35,91,-0.01391,0.031359,-0.017672
42,91,-0.014368,0.031729,-0.016764
49,91,-0.014317,0.032285,-0.01587
56,91,-0.014021,0.032737,-0.015224
63,91,-0.013739,0.032664,-0.014798
70,91,-0.013872,0.032398,-0.014407
77,91,-0.014006,0.032131,-0.014145
84,91,-0.014484,0.032126,-0.014078
91,91,-0.015223,0.032352,-0.014473
98,91,-0.016163,0.032932,-0.015241
105,91,-0.016944,0.033915,-0.016734
112,91,-0.017569,0.034684,-0.018316
119,91,-0.018299,0.034982,-0.019401
126,91,-0.019121,0.035412,-0.020483
133,91,-0.019738,0.035677,-0.021574
140,91,-0.020439,0.035353,-0.022801
147,91,-0.021657,0.034528,-0.023765
0,98,-0.0089392,0.029624,-0.020686
7,98,-0.010632,0.029908,-0.020428
14,98,-0.012153,0.030312,-0.019942
21,98,-0.012995,0.030572,-0.019293
28,98,-0.013566,0.030961,-0.018555
35,98,-0.01454,0.031619,-0.017738
42,98,-0.015028,0.032115,-0.016803
49,98,-0.014927,0.03269,-0.015839
56,98,-0.014575,0.032997,-0.015117
63,98,-0.014474,0.033067,-0.014379
70,98,-0.014313,0.032866,-0.013872
77,98,-0.014409,0.032714,-0.013671
84,98,-0.014698,0.032895,-0.013869
91,98,-0.015473,0.033551,-0.014422
98,98,-0.01634,0.034338,-0.015467
105,98,-0.017209,0.035297,-0.017167
112,98,-0.017872,0.035715,-0.018658
119,98,-0.018516,0.03626,-0.019471
126,98,-0.019167,0.036646,-0.020282
133,98,-0.0199,0.036748,-0.021273
140,98,-0.020677,0.036465,-0.022172
147,98,-0.021567,0.035822,-0.022935
0,105,-0.0088055,0.029042,-0.020574
7,105,-0.011009,0.029391,-0.02011
14,105,-0.012706,0.029909,-0.019685
21,105,-0.013471,0.030248,-0.019206
28,105,-0.014127,0.030896,-0.018423
35,105,-0.015164,0.031754,-0.017628
42,105,-0.015666,0.032389,-0.016603
49,105,-0.015686,0.032885,-0.015562
56,105,-0.015289,0.033153,-0.014585
63,105,-0.015023,0.032989,-0.013788
70,105,-0.014868,0.032668,-0.013513
77,105,-0.014928,0.032805,-0.013505
84,105,-0.015333,0.033378,-0.013933
91,105,-0.015847,0.034181,-0.014443
98,105,-0.016521,0.035076,-0.015812
105,105,-0.017334,0.035886,-0.017508
112,105,-0.018051,0.036407,-0.018867
119,105,-0.018623,0.036929,-0.019535
126,105,-0.019305,0.037533,-0.020085
133,105,-0.019983,0.037791,-0.020926
140,105,-0.020598,0.037485,-0.021551
147,105,-0.021307,0.037066,-0.021823
0,112,-0.0092,0.028512,-0.019668
7,112,-0.011282,0.02918,-0.019678
14,112,-0.013168,0.029656,-0.019376
21,112,-0.014064,0.030228,-0.018869
28,112,-0.014714,0.031018,-0.018166
35,112,-0.015645,0.031901,-0.017365
42,112,-0.016318,0.032506,-0.016212
49,112,-0.016315,0.032989,-0.015073
56,112,-0.015857,0.033104,-0.013934
63,112,-0.015424,0.032765,-0.013368
70,112,-0.015333,0.032594,-0.013266
77,112,-0.015618,0.032782,-0.013528
84,112,-0.015813,0.033566,-0.014052
91,112,-0.016243,0.034467,-0.01477
98,112,-0.016843,0.035492,-0.016078
105,112,-0.017459,0.036141,-0.01773
112,112,-0.018208,0.036857,-0.019074
119,112,-0.018717,0.037626,-0.019546
126,112,-0.01894,0.038177,-0.020075
133,112,-0.019473,0.03834,-0.020639
140,112,-0.020201,0.038195,-0.021024
147,112,-0.021077,0.038242,-0.02074
0,119,-0.0097201,0.028633,-0.01881
7,119,-0.012062,0.029484,-0.019143
14,119,-0.013582,0.030148,-0.018962
21,119,-0.014419,0.030637,-0.018468
28,119,-0.015135,0.031259,-0.0179
35,119,-0.016058,0.032186,-0.017042
42,119,-0.016695,0.03283,-0.015891
49,119,-0.016678,0.033164,-0.014724
56,119,-0.016114,0.033161,-0.013577
63,119,-0.015711,0.033059,-0.013049
70,119,-0.015711,0.033044,-0.013088
77,119,-0.016044,0.033493,-0.013732
84,119,-0.016433,0.03408,-0.014335
91,119,-0.016655,0.035122,-0.015206
98,119,-0.017044,0.035999,-0.016507
105,119,-0.017402,0.036743,-0.018047
112,119,-0.018183,0.037386,-0.01937
119,119,-0.018713,0.038318,-0.019901
126,119,-0.018943,0.038848,-0.020214
133,119,-0.019439,0.039086,-0.020488
140,119,-0.020251,0.039232,-0.020685
147,119,-0.02066,0.03936,-0.020183
0,126,-0.0109,0.029379,-0.0181
7,126,-0.012469,0.030149,-0.018768
14,126,-0.013895,0.030766,-0.018602
21,126,-0.01459,0.03136,-0.018098
28,126,-0.015245,0.031845,-0.017621
35,126,-0.016021,0.032584,-0.016815
42,126,-0.016618,0.032998,-0.01581
49,126,-0.016719,0.033387,-0.014591
56,126,-0.016175,0.033617,-0.013547
63,126,-0.015868,0.033883,-0.013041
70,126,-0.015978,0.034214,-0.013321
77,126,-0.016529,0.034893,-0.013881
84,126,-0.016791,0.035431,-0.014678
91,126,-0.017021,0.036339,-0.015716
98,126,-0.01717,0.037201,-0.017034
105,126,-0.017612,0.037892,-0.018568
112,126,-0.018208,0.038432,-0.019768
119,126,-0.018857,0.039061,-0.020236
126,126,-0.019096,0.039564,-0.02068
133,126,-0.019553,0.039734,-0.020847
140,126,-0.020466,0.040015,-0.020731
147,126,-0.020652,0.040471,-0.020528
0,133,-0.011605,0.030229,-0.017756
7,133,-0.012808,0.030917,-0.018573
14,133,-0.013895,0.031538,-0.018391
21,133,-0.014409,0.031899,-0.017827
28,133,-0.015049,0.032392,-0.017299
35,133,-0.015856,0.03291,-0.01664
42,133,-0.01622,0.033362,-0.0157
49,133,-0.016342,0.033877,-0.014648
56,133,-0.01619,0.034456,-0.013794
63,133,-0.016141,0.035166,-0.013372
70,133,-0.016522,0.035864,-0.01349
77,133,-0.016936,0.036418,-0.014058
84,133,-0.017056,0.037032,-0.014994
91,133,-0.017166,0.037662,-0.016295
98,133,-0.017326,0.038315,-0.017634
105,133,-0.017666,0.03898,-0.019048
112,133,-0.018269,0.039377,-0.020129
119,133,-0.019143,0.039763,-0.020877
126,133,-0.019322,0.040216,-0.02129
133,133,-0.019767,0.040244,-0.021455
140,133,-0.020216,0.040555,-0.021352
147,133,-0.020581,0.041189,-0.02127
0,140,-0.01201,0.031479,-0.017425
7,140,-0.013229,0.03182,-0.01839
14,140,-0.013817,0.032229,-0.018188
21,140,-0.014278,0.032549,-0.017604
28,140,-0.014714,0.032867,-0.017063
35,140,-0.015225,0.033111,-0.016506
42,140,-0.015656,0.033786,-0.015813
49,140,-0.016035,0.034647,-0.01484
56,140,-0.016252,0.035585,-0.01407
63,140,-0.01647,0.036525,-0.013628
70,140,-0.016817,0.03739,-0.013854
77,140,-0.017047,0.037998,-0.014476
84,140,-0.017098,0.038526,-0.01546
91,140,-0.017051,0.039009,-0.016627
98,140,-0.017183,0.039519,-0.017924
105,140,-0.017641,0.039885,-0.019199
112,140,-0.018317,0.040146,-0.020325
119,140,-0.019065,0.040289,-0.021229
126,140,-0.019372,0.040513,-0.02177
133,140,-0.019852,0.04039,-0.021949
140,140,-0.020417,0.040893,-0.021966
147,140,-0.020121,0.041771,-0.021936
0,147,-0.012587,0.033301,-0.016921
7,147,-0.013219,0.033155,-0.017967
14,147,-0.013653,0.03301,-0.017919
21,147,-0.014048,0.03315,-0.0175
28,147,-0.014336,0.033264,-0.016934
35,147,-0.014691,0.033538,-0.016577
42,147,-0.015091,0.034173,-0.015916
49,147,-0.015763,0.035137,-0.015147
56,147,-0.016213,0.036275,-0.014478
63,147,-0.016412,0.037551,-0.014117
70,147,-0.016851,0.03857,-0.0142
77,147,-0.016958,0.039231,-0.014827
84,147,-0.017008,0.039887,-0.015755
91,147,-0.016938,0.040439,-0.016873
98,147,-0.017317,0.040646,-0.018029
105,147,-0.01778,0.040859,-0.019104
112,147,-0.018459,0.04093,-0.02015
119,147,-0.018933,0.041134,-0.021218
126,147,-0.01934,0.041319,-0.021997
133,147,-0.019933,0.041325,-0.022238
140,147,-0.020182,0.041869,-0.022353
147,147,-0.020604,0.042766,-0.022526
0,154,-0.013189,0.035299,-0.016736
7,154,-0.013266,0.03449,-0.017726
14,154,-0.013606,0.034048,-0.017798
21,154,-0.013862,0.033913,-0.017383
28,154,-0.013911,0.033754,-0.016993
35,154,-0.014114,0.033772,-0.016795
42,154,-0.014778,0.034441,-0.016271
49,154,-0.015327,0.03525,-0.015555
56,154,-0.015884,0.036515,-0.014926
63,154,-0.016467,0.037761,-0.01468
70,154,-0.016775,0.038987,-0.014713
77,154,-0.017086,0.039847,-0.015145
84,154,-0.017151,0.040929,-0.015944
91,154,-0.017206,0.041562,-0.01688
98,154,-0.017608,0.041823,-0.017875
105,154,-0.018216,0.041885,-0.018882
112,154,-0.018535,0.041802,-0.019867
119,154,-0.018667,0.042105,-0.021045
126,154,-0.019307,0.042464,-0.021938
133,154,-0.019886,0.042757,-0.022324
140,154,-0.020404,0.043388,-0.022568
147,154,-0.020601,0.043884,-0.022735
0,161,-0.014066,0.036447,-0.017085
7,161,-0.013353,0.035319,-0.0177
14,161,-0.013528,0.034583,-0.017883
21,161,-0.013631,0.03422,-0.01755
28,161,-0.013605,0.033792,-0.017241
35,161,-0.013761,0.033725,-0.017124
42,161,-0.014432,0.034041,-0.016673
49,161,-0.01515,0.034705,-0.015997
56,161,-0.015853,0.035842,-0.015425
63,161,-0.016502,0.037458,-0.015185
70,161,-0.016879,0.038672,-0.015153
77,161,-0.017385,0.039893,-0.015474
84,161,-0.017496,0.041116,-0.016161
91,161,-0.017725,0.042088,-0.016939
98,161,-0.018006,0.042436,-0.017767
105,161,-0.018532,0.042593,-0.018606
112,161,-0.018596,0.042678,-0.019699
119,161,-0.018428,0.043198,-0.020879
126,161,-0.018992,0.043523,-0.021864
133,161,-0.019851,0.044048,-0.022298
140,161,-0.020671,0.044512,-0.022458
147,161,-0.020652,0.044938,-0.022706
0,168,-0.01432,0.036194,-0.017535
7,168,-0.013549,0.03497,-0.018071
14,168,-0.013611,0.034285,-0.018197
21,168,-0.013706,0.033755,-0.017903
28,168,-0.013552,0.033418,-0.017554
35,168,-0.013898,0.033037,-0.017468
42,168,-0.014462,0.033064,-0.017085
49,168,-0.015101,0.033643,-0.016414
56,168,-0.015691,0.034866,-0.015949
63,168,-0.016557,0.036515,-0.015711
70,168,-0.017238,0.038031,-0.015598
77,168,-0.017721,0.039293,-0.015793
84,168,-0.017887,0.040804,-0.016303
91,168,-0.018161,0.041726,-0.01703
98,168,-0.018395,0.042296,-0.017657
105,168,-0.018715,0.042668,-0.018392
112,168,-0.018678,0.043213,-0.019361
119,168,-0.018521,0.043691,-0.020617
126,168,-0.019198,0.044173,-0.021372
133,168,-0.020009,0.044495,-0.021906
140,168,-0.020738,0.044922,-0.021899
147,168,-0.020579,0.045508,-0.022336
0,175,-0.014233,0.034849,-0.017831
7,175,-0.013846,0.033994,-0.018383
14,175,-0.013867,0.033484,-0.018475
21,175,-0.014015,0.03298,-0.018232
28,175,-0.013845,0.032611,-0.017894
35,175,-0.014248,0.032259,-0.017814
42,175,-0.014728,0.032373,-0.017509
49,175,-0.015329,0.032787,-0.016943
56,175,-0.016026,0.033937,-0.016529
63,175,-0.016757,0.035536,-0.016325
70,175,-0.017544,0.03712,-0.016167
77,175,-0.017805,0.038673,-0.016248
84,175,-0.018146,0.040283,-0.016579
91,175,-0.018385,0.041274,-0.016974
98,175,-0.018749,0.041902,-0.017509
105,175,-0.019199,0.042551,-0.01818
112,175,-0.019256,0.043262,-0.019038
119,175,-0.019119,0.043763,-0.020138
126,175,-0.019546,0.044104,-0.020839
133,175,-0.020392,0.04427,-0.021278
140,175,-0.020711,0.044547,-0.021574
147,175,-0.020312,0.045177,-0.021705
0,182,-0.014382,0.033481,-0.018142
7,182,-0.014132,0.033075,-0.018562
14,182,-0.014186,0.032793,-0.018658
21,182,-0.014506,0.032458,-0.018485
28,182,-0.01444,0.032225,-0.018084
35,182,-0.014873,0.032152,-0.018048
42,182,-0.015534,0.032213,-0.017816
49,182,-0.015975,0.032401,-0.017378
56,182,-0.016515,0.033304,-0.017074
63,182,-0.017121,0.034755,-0.016903
70,182,-0.017662,0.036309,-0.016875
77,182,-0.018018,0.038093,-0.0168
84,182,-0.018372,0.039695,-0.016986
91,182,-0.018608,0.040716,-0.0171
98,182,-0.019239,0.041544,-0.017477
105,182,-0.019878,0.042454,-0.017942
112,182,-0.020062,0.043161,-0.018785
119,182,-0.01967,0.043506,-0.019701
126,182,-0.019746,0.04343,-0.020362
133,182,-0.019989,0.043387,-0.020965
140,182,-0.020074,0.043446,-0.021376
147,182,-0.019438,0.044005,-0.021862
0,189,-0.013563,0.03261,-0.018234
7,189,-0.014323,0.032847,-0.018401
14,189,-0.014835,0.03261,-0.018542
21,189,-0.01506,0.032408,-0.018398
28,189,-0.015287,0.032318,-0.018067
35,189,-0.015797,0.032483,-0.01798
42,189,-0.016417,0.032383,-0.017822
49,189,-0.016766,0.032462,-0.017605
56,189,-0.016962,0.033027,-0.017543
63,189,-0.017407,0.034223,-0.017625
70,189,-0.017989,0.035832,-0.017544
77,189,-0.018408,0.03771,-0.017509
84,189,-0.018638,0.039159,-0.017513
91,189,-0.018967,0.040289,-0.017362
98,189,-0.019573,0.041188,-0.017614
105,189,-0.020337,0.042166,-0.018003
112,189,-0.020663,0.042929,-0.018702
119,189,-0.020012,0.042982,-0.019438
126,189,-0.019693,0.042663,-0.020047
133,189,-0.019538,0.042328,-0.02079
140,189,-0.019326,0.042142,-0.021517
147,189,-0.018347,0.042155,-0.022258
0,196,-0.013483,0.032041,-0.017987
7,196,-0.014549,0.032761,-0.017802
14,196,-0.015355,0.032792,-0.017932
21,196,-0.015712,0.032432,-0.017792
28,196,-0.016129,0.032603,-0.017717
35,196,-0.016696,0.032952,-0.017714
42,196,-0.017206,0.032989,-0.017571
49,196,-0.017507,0.032888,-0.017556
56,196,-0.017325,0.033347,-0.017798
63,196,-0.017591,0.034162,-0.018142
70,196,-0.018239,0.035734,-0.01823
77,196,-0.018841,0.037514,-0.018264
84,196,-0.019073,0.038783,-0.018063
91,196,-0.019369,0.039807,-0.017969
98,196,-0.019992,0.040751,-0.01787
105,196,-0.02076,0.0417,-0.01818
112,196,-0.021109,0.042328,-0.018733
119,196,-0.020179,0.042171,-0.019473
126,196,-0.019632,0.041719,-0.019913
133,196,-0.019513,0.041239,-0.020667
140,196,-0.019194,0.04068,-0.021533
147,196,-0.017835,0.040252,-0.022459
0,203,-0.013385,0.032207,-0.017246
7,203,-0.014943,0.032876,-0.016972
14,203,-0.015758,0.033021,-0.017008
21,203,-0.016258,0.032934,-0.017083
28,203,-0.016778,0.033337,-0.017101
35,203,-0.017345,0.03386,-0.017165
42,203,-0.017826,0.033837,-0.017169
49,203,-0.017932,0.033819,-0.017317
56,203,-0.01769,0.034041,-0.01782
63,203,-0.017781,0.034664,-0.018406
70,203,-0.018661,0.036,-0.018704
77,203,-0.019374,0.037419,-0.01886
84,203,-0.019693,0.038554,-0.018731
91,203,-0.019933,0.039422,-0.018486
98,203,-0.020324,0.040257,-0.018339
105,203,-0.020943,0.041071,-0.018522
112,203,-0.02114,0.041367,-0.018992
119,203,-0.020514,0.041131,-0.019613
126,203,-0.019847,0.040613,-0.020104
133,203,-0.019785,0.040017,-0.020768
140,203,-0.019249,0.039209,-0.021768
147,203,-0.017637,0.038366,-0.022512
0,210,-0.0139,0.032963,-0.016355
7,210,-0.015464,0.033677,-0.016199
14,210,-0.016378,0.033689,-0.016097
21,210,-0.016884,0.033707,-0.01628
28,210,-0.017239,0.034049,-0.016484
35,210,-0.017691,0.034572,-0.01654
42,210,-0.018053,0.034604,-0.016672
49,210,-0.018156,0.034766,-0.017045
56,210,-0.018019,0.034899,-0.017794
63,210,-0.018247,0.035326,-0.018534
70,210,-0.018957,0.036314,-0.019156
77,210,-0.019648,0.037539,-0.019348
84,210,-0.02005,0.038474,-0.019268
91,210,-0.020169,0.039124,-0.019088
98,210,-0.02047,0.03986,-0.01897
105,210,-0.020977,0.040418,-0.019028
112,210,-0.020995,0.040422,-0.019273
119,210,-0.020551,0.04013,-0.019824
126,210,-0.0201,0.039454,-0.020163
133,210,-0.019959,0.038988,-0.020889
140,210,-0.01969,0.038054,-0.021859
147,210,-0.01797,0.036958,-0.022638
0,217,-0.014996,0.034401,-0.015833
7,217,-0.016023,0.034908,-0.015413
14,217,-0.016741,0.034745,-0.015267
21,217,-0.017128,0.034621,-0.015559
28,217,-0.01732,0.034895,-0.015987
35,217,-0.017686,0.03521,-0.016255
42,217,-0.0182,0.035308,-0.016398
49,217,-0.018506,0.035564,-0.016877
56,217,-0.018527,0.035863,-0.017754
63,217,-0.018626,0.036159,-0.018758
70,217,-0.019151,0.036856,-0.019499
77,217,-0.019868,0.037669,-0.01978
84,217,-0.020195,0.038303,-0.019694
91,217,-0.020344,0.038877,-0.019547
98,217,-0.0205,0.039644,-0.019549
105,217,-0.020756,0.039865,-0.019529
112,217,-0.020783,0.039635,-0.019544
119,217,-0.020363,0.039064,-0.01988
126,217,-0.019938,0.038561,-0.020172
133,217,-0.019739,0.03813,-0.020815
140,217,-0.019522,0.037367,-0.021865
147,217,-0.018147,0.036234,-0.022961
0,224,-0.015502,0.035907,-0.01557
7,224,-0.016487,0.036178,-0.014982
14,224,-0.016884,0.03589,-0.014919
21,224,-0.017007,0.035695,-0.01525
28,224,-0.017146,0.035808,-0.015891
35,224,-0.017468,0.036027,-0.016276
42,224,-0.018141,0.036048,-0.016589
49,224,-0.018707,0.036505,-0.017226
56,224,-0.018849,0.036844,-0.018063
63,224,-0.01904,0.037174,-0.019175
70,224,-0.019457,0.037579,-0.019942
77,224,-0.019931,0.038083,-0.020191
84,224,-0.020211,0.038265,-0.020003
91,224,-0.020271,0.038836,-0.019894
98,224,-0.020392,0.039284,-0.019943
105,224,-0.020612,0.039372,-0.019851
112,224,-0.020598,0.039007,-0.019655
119,224,-0.019987,0.038332,-0.019753
126,224,-0.019495,0.037829,-0.020112
133,224,-0.019234,0.037529,-0.020784
140,224,-0.018898,0.036904,-0.021873
147,224,-0.017941,0.03604,-0.022674
0,231,-0.01599,0.03694,-0.01599
7,231,-0.016342,0.037011,-0.015117
14,231,-0.016549,0.036603,-0.015062
21,231,-0.016623,0.036619,-0.015454
28,231,-0.016773,0.036887,-0.016167
35,231,-0.017199,0.036995,-0.016532
42,231,-0.018145,0.037204,-0.016979
49,231,-0.018808,0.037673,-0.017689
56,231,-0.019201,0.038374,-0.018576
63,231,-0.019302,0.038442,-0.01959
70,231,-0.019602,0.038682,-0.020298
77,231,-0.019892,0.03888,-0.020553
84,231,-0.020166,0.038792,-0.020257
91,231,-0.020163,0.038954,-0.020221
98,231,-0.020183,0.039224,-0.020176
105,231,-0.02034,0.03901,-0.020057
112,231,-0.020132,0.038506,-0.019762
119,231,-0.019451,0.037805,-0.019724
126,231,-0.018792,0.037296,-0.020079
133,231,-0.018495,0.037056,-0.020622
140,231,-0.018211,0.036634,-0.021602
147,231,-0.017643,0.03578,-0.022024
0,238,-0.016156,0.0373,-0.016572
7,238,-0.015879,0.037414,-0.015689
14,238,-0.016069,0.037402,-0.015434
21,238,-0.01617,0.03747,-0.015913
28,238,-0.016371,0.037792,-0.016579
35,238,-0.017062,0.038015,-0.016895
42,238,-0.018033,0.038691,-0.017457
49,238,-0.018813,0.039431,-0.018221
56,238,-0.019317,0.040092,-0.01911
63,238,-0.019599,0.040254,-0.019999
70,238,-0.019703,0.040335,-0.020527
77,238,-0.019989,0.040275,-0.020549
84,238,-0.020153,0.03993,-0.020357
91,238,-0.020165,0.039658,-0.020343
98,238,-0.019982,0.039362,-0.020227
105,238,-0.019857,0.038762,-0.020065
112,238,-0.019496,0.038051,-0.019731
119,238,-0.018731,0.037508,-0.019622
126,238,-0.018271,0.037096,-0.019772
133,238,-0.017872,0.036886,-0.02031
140,238,-0.017576,0.036662,-0.021005
147,238,-0.017089,0.035712,-0.021163
0,245,-0.015766,0.037376,-0.017139
7,245,-0.015346,0.037448,-0.01629
14,245,-0.015505,0.037537,-0.0161
21,245,-0.01581,0.037886,-0.016535
28,245,-0.016234,0.038581,-0.01713
35,245,-0.016954,0.039274,-0.017435
42,245,-0.017914,0.040155,-0.018071
49,245,-0.0188,0.041274,-0.018823
56,245,-0.019587,0.042064,-0.019565
63,245,-0.019941,0.042338,-0.020202
70,245,-0.020074,0.042292,-0.0205
77,245,-0.02016,0.04189,-0.020301
84,245,-0.02011,0.041126,-0.019993
91,245,-0.01993,0.040354,-0.020075
98,245,-0.019548,0.039448,-0.020168
105,245,-0.019377,0.038588,-0.020017
112,245,-0.018766,0.037803,-0.019822
119,245,-0.018172,0.037255,-0.019605
126,245,-0.017733,0.036876,-0.01967
133,245,-0.017361,0.036774,-0.020096
140,245,-0.017003,0.036566,-0.020549
147,245,-0.016494,0.036189,-0.020649
0,252,-0.015306,0.037142,-0.017949
7,252,-0.014953,0.037442,-0.016977
14,252,-0.015076,0.037785,-0.016792
21,252,-0.015519,0.038398,-0.017319
28,252,-0.016145,0.03918,-0.017933
35,252,-0.016888,0.040277,-0.018336
42,252,-0.017905,0.04165,-0.018763
49,252,-0.018936,0.042932,-0.019343
56,252,-0.019845,0.043594,-0.019805
63,252,-0.020338,0.043847,-0.020201
70,252,-0.020427,0.04377,-0.02018
77,252,-0.02018,0.043084,-0.019739
84,252,-0.019799,0.041911,-0.019431
91,252,-0.019545,0.040649,-0.019669
98,252,-0.019152,0.039388,-0.019908
105,252,-0.018774,0.038398,-0.019987
112,252,-0.018259,0.037747,-0.019866
119,252,-0.017895,0.037238,-0.019646
126,252,-0.01764,0.037182,-0.019779
133,252,-0.017362,0.03693,-0.020064
140,252,-0.016871,0.036826,-0.020355
147,252,-0.0166,0.036514,-0.020443
0,259,-0.015244,0.037267,-0.018599
7,259,-0.015059,0.037263,-0.017769
14,259,-0.0151,0.037851,-0.017678
21,259,-0.015669,0.038658,-0.018164
28,259,-0.016271,0.039738,-0.018732
35,259,-0.017028,0.040993,-0.019203
42,259,-0.018185,0.042485,-0.019607
49,259,-0.019216,0.043799,-0.019811
56,259,-0.020247,0.044604,-0.019983
63,259,-0.02063,0.045081,-0.020066
70,259,-0.020567,0.044639,-0.019768
77,259,-0.019992,0.04375,-0.019222
84,259,-0.019395,0.042405,-0.018858
91,259,-0.018874,0.040637,-0.019046
98,259,-0.018555,0.039136,-0.019569
105,259,-0.018337,0.038017,-0.01992
112,259,-0.017929,0.037478,-0.019948
119,259,-0.017841,0.037243,-0.019717
126,259,-0.017852,0.037226,-0.019861
133,259,-0.017548,0.037085,-0.020122
140,259,-0.0172,0.036977,-0.02034
147,259,-0.017309,0.036959,-0.020041
0,266,-0.016308,0.037395,-0.019158
7,266,-0.015437,0.037562,-0.018273
14,266,-0.01567,0.038234,-0.018291
21,266,-0.016229,0.039241,-0.018905
28,266,-0.0168,0.04021,-0.019537
35,266,-0.01764,0.041689,-0.019921
42,266,-0.018675,0.043307,-0.020218
49,266,-0.019764,0.044409,-0.020233
56,266,-0.020552,0.045131,-0.02007
63,266,-0.020871,0.045491,-0.019916
70,266,-0.020316,0.044938,-0.019385
77,266,-0.019633,0.043787,-0.018745
84,266,-0.018763,0.042236,-0.018311
91,266,-0.018141,0.040594,-0.01854
98,266,-0.018103,0.039089,-0.019136
105,266,-0.018038,0.037974,-0.019724
112,266,-0.017947,0.037429,-0.019903
119,266,-0.017923,0.037299,-0.019765
126,266,-0.018101,0.037346,-0.019904
133,266,-0.017859,0.037385,-0.02006
140,266,-0.017612,0.037392,-0.019957
147,266,-0.017897,0.037586,-0.019557
0,273,-0.01711,0.037714,-0.019259
7,273,-0.01656,0.038145,-0.018853
14,273,-0.01639,0.039082,-0.01902
21,273,-0.016946,0.040094,-0.019565
28,273,-0.017498,0.040859,-0.020233
35,273,-0.018318,0.042168,-0.020712
42,273,-0.019373,0.04357,-0.02086
49,273,-0.020221,0.044636,-0.020655
56,273,-0.02092,0.045225,-0.020186
63,273,-0.020813,0.04513,-0.019801
70,273,-0.020078,0.044336,-0.019135
77,273,-0.018951,0.043014,-0.018341
84,273,-0.018089,0.041811,-0.017785
91,273,-0.017657,0.040567,-0.017984
98,273,-0.017625,0.039366,-0.018709
105,273,-0.01788,0.038364,-0.019474
112,273,-0.018029,0.037722,-0.019704
119,273,-0.01834,0.037609,-0.019639
126,273,-0.018416,0.037638,-0.019689
133,273,-0.018311,0.03774,-0.01978
140,273,-0.018104,0.037894,-0.019681
147,273,-0.018436,0.038262,-0.019034
0,280,-0.017967,0.038068,-0.01967
7,280,-0.017345,0.038467,-0.019507
14,280,-0.017099,0.039407,-0.019731
21,280,-0.017537,0.04044,-0.020334
28,280,-0.018346,0.041101,-0.020936
35,280,-0.019179,0.042147,-0.021316
42,280,-0.020087,0.043249,-0.021368
49,280,-0.020736,0.043939,-0.020975
56,280,-0.020951,0.04434,-0.020309
63,280,-0.020541,0.044117,-0.019614
70,280,-0.019661,0.043114,-0.01876
77,280,-0.018359,0.04198,-0.017941
84,280,-0.017516,0.041021,-0.017439
91,280,-0.017303,0.04031,-0.017413
98,280,-0.017375,0.039604,-0.018127
105,280,-0.017858,0.038863,-0.018905
112,280,-0.018358,0.038235,-0.019404
119,280,-0.018803,0.038121,-0.019247
126,280,-0.019031,0.038013,-0.019258
133,280,-0.019104,0.03813,-0.019326
140,280,-0.018828,0.038359,-0.019209
147,280,-0.018774,0.038786,-0.018623
0,287,-0.018114,0.038282,-0.019483
7,287,-0.017969,0.038689,-0.019958
14,287,-0.017697,0.039711,-0.020398
21,287,-0.018095,0.040511,-0.020965
28,287,-0.019022,0.040951,-0.021413
35,287,-0.019986,0.041516,-0.021937
42,287,-0.020912,0.042326,-0.021849
49,287,-0.021045,0.042668,-0.021299
56,287,-0.020789,0.042873,-0.02039
63,287,-0.020241,0.04266,-0.019459
70,287,-0.019292,0.041779,-0.018543
77,287,-0.018031,0.04095,-0.017567
84,287,-0.017199,0.040385,-0.016987
91,287,-0.017112,0.040116,-0.016954
98,287,-0.017292,0.039744,-0.017514
105,287,-0.017863,0.039327,-0.018249
112,287,-0.018585,0.03888,-0.018726
119,287,-0.019343,0.038717,-0.018787
126,287,-0.019685,0.038755,-0.01896
133,287,-0.019799,0.038775,-0.019122
140,287,-0.019491,0.039036,-0.01908
147,287,-0.018866,0.039127,-0.018655
0,294,-0.018076,0.038843,-0.019132
7,294,-0.018082,0.03928,-0.019799
14,294,-0.0184,0.039853,-0.020728
21,294,-0.018531,0.040418,-0.021067
28,294,-0.019492,0.040587,-0.021513
35,294,-0.020599,0.04077,-0.022017
42,294,-0.021193,0.040995,-0.022233
49,294,-0.021148,0.041258,-0.021721
56,294,-0.020607,0.041226,-0.020702
63,294,-0.020191,0.041223,-0.019351
70,294,-0.019095,0.040671,-0.018234
77,294,-0.018043,0.04022,-0.017362
84,294,-0.017232,0.040119,-0.016744
91,294,-0.01709,0.039999,-0.016669
98,294,-0.017233,0.039822,-0.016987
105,294,-0.017833,0.039776,-0.017641
112,294,-0.018825,0.039474,-0.018163
119,294,-0.019561,0.039351,-0.018501
126,294,-0.020025,0.039359,-0.018793
133,294,-0.020164,0.039387,-0.019191
140,294,-0.01987,0.03957,-0.019244
147,294,-0.018927,0.039699,-0.018795
0,301,-0.017481,0.039819,-0.018516
7,301,-0.018049,0.039837,-0.019447
14,301,-0.018396,0.040459,-0.020252
21,301,-0.018728,0.040663,-0.020633
28,301,-0.01962,0.040552,-0.020992
35,301,-0.020631,0.040198,-0.021737
42,301,-0.02118,0.040117,-0.022026
49,301,-0.021108,0.039972,-0.021737
56,301,-0.020628,0.039761,-0.020767
63,301,-0.020129,0.039719,-0.019193
70,301,-0.019264,0.039608,-0.017852
77,301,-0.018124,0.039578,-0.017061
84,301,-0.017387,0.039702,-0.016532
91,301,-0.017214,0.039928,-0.016448
98,301,-0.01736,0.040176,-0.016735
105,301,-0.017863,0.040197,-0.017229
112,301,-0.018744,0.040176,-0.017876
119,301,-0.019598,0.039948,-0.018432
126,301,-0.019947,0.040101,-0.018899
133,301,-0.020299,0.040181,-0.019396
140,301,-0.019734,0.039994,-0.019528
147,301,-0.018662,0.039729,-0.019269
0,308,-0.017213,0.04036,-0.017619
7,308,-0.017955,0.040512,-0.018526
14,308,-0.018514,0.040641,-0.019451
21,308,-0.018883,0.040666,-0.019866
28,308,-0.019601,0.040529,-0.020134
35,308,-0.020349,0.040099,-0.020852
42,308,-0.020803,0.039387,-0.02131
49,308,-0.020862,0.038835,-0.021238
56,308,-0.020661,0.038574,-0.020479
63,308,-0.020262,0.038564,-0.019081
70,308,-0.019323,0.038566,-0.017724
77,308,-0.018131,0.038497,-0.016933
84,308,-0.017333,0.03907,-0.016454
91,308,-0.017181,0.039478,-0.016416
98,308,-0.017479,0.039977,-0.016739
105,308,-0.017951,0.040271,-0.017128
112,308,-0.01886,0.040612,-0.017754
119,308,-0.019429,0.040592,-0.018538
126,308,-0.019711,0.040515,-0.019243
133,308,-0.020057,0.040438,-0.019617
140,308,-0.019386,0.040055,-0.019881
147,308,-0.018213,0.039607,-0.019649
0,315,-0.016884,0.039991,-0.016702
7,315,-0.018003,0.040396,-0.017702
14,315,-0.018456,0.040396,-0.01841
21,315,-0.018808,0.040337,-0.018893
28,315,-0.019362,0.040029,-0.019054
35,315,-0.0198,0.03959,-0.019837
42,315,-0.020107,0.038928,-0.020357
49,315,-0.02025,0.038252,-0.020545
56,315,-0.02033,0.037445,-0.019975
63,315,-0.020146,0.037195,-0.018921
70,315,-0.019195,0.037205,-0.017748
77,315,-0.017997,0.037527,-0.01706
84,315,-0.017274,0.037977,-0.016822
91,315,-0.017279,0.038519,-0.016762
98,315,-0.017634,0.039325,-0.017058
105,315,-0.018162,0.040274,-0.017453
112,315,-0.018805,0.040726,-0.018129
119,315,-0.019076,0.040883,-0.018932
126,315,-0.019369,0.040823,-0.019449
133,315,-0.019627,0.040757,-0.019705
140,315,-0.019097,0.040355,-0.019813
147,315,-0.017968,0.039379,-0.019652
0,322,-0.01645,0.039098,-0.015952
7,322,-0.017403,0.039275,-0.0167
14,322,-0.017925,0.039207,-0.017533
21,322,-0.018251,0.039142,-0.018017
28,322,-0.018658,0.039216,-0.018387
35,322,-0.018909,0.039152,-0.018963
42,322,-0.019182,0.038405,-0.019461
49,322,-0.019373,0.03743,-0.019635
56,322,-0.019735,0.036654,-0.019505
63,322,-0.019717,0.036055,-0.01873
70,322,-0.018799,0.035895,-0.017933
77,322,-0.017971,0.036266,-0.017417
84,322,-0.017489,0.036786,-0.01729
91,322,-0.017578,0.037461,-0.017435
98,322,-0.018071,0.038445,-0.017738
105,322,-0.018421,0.039564,-0.018108
112,322,-0.018473,0.040253,-0.018604
119,322,-0.018532,0.040456,-0.019192
126,322,-0.018953,0.040361,-0.019542
133,322,-0.01908,0.040395,-0.019607
140,322,-0.018554,0.040277,-0.019503
147,322,-0.017358,0.039914,-0.019481
0,329,-0.016199,0.037504,-0.015699
7,329,-0.016342,0.037902,-0.016448
14,329,-0.016749,0.037757,-0.017303
21,329,-0.017166,0.037879,-0.017703
28,329,-0.017755,0.038129,-0.018072
35,329,-0.017994,0.038408,-0.018456
42,329,-0.018015,0.037861,-0.018786
49,329,-0.018544,0.037025,-0.018935
56,329,-0.019004,0.036238,-0.018928
63,329,-0.019063,0.035442,-0.018571
70,329,-0.018556,0.035331,-0.018129
77,329,-0.017897,0.035343,-0.017783
84,329,-0.017784,0.035614,-0.017877
91,329,-0.017871,0.036279,-0.018168
98,329,-0.018227,0.037395,-0.018607
105,329,-0.01837,0.038464,-0.01891
112,329,-0.018072,0.039232,-0.019165
119,329,-0.017897,0.039503,-0.019352
126,329,-0.0181,0.039741,-0.019659
133,329,-0.018274,0.040134,-0.019645
140,329,-0.017642,0.040537,-0.019499
147,329,-0.016557,0.040534,-0.019512
0,336,-0.016057,0.035979,-0.016949
7,336,-0.01545,0.036622,-0.017276
14,336,-0.015823,0.036754,-0.017876
21,336,-0.016284,0.036953,-0.018216
28,336,-0.016671,0.037452,-0.018484
35,336,-0.017028,0.037749,-0.018644
42,336,-0.017099,0.037627,-0.018641
49,336,-0.017409,0.037142,-0.018616
56,336,-0.018085,0.036617,-0.018647
63,336,-0.018335,0.035885,-0.018383
70,336,-0.01811,0.035452,-0.018083
77,336,-0.017853,0.035279,-0.018117
84,336,-0.017944,0.035264,-0.018297
91,336,-0.018317,0.035646,-0.018825
98,336,-0.018566,0.036442,-0.019365
105,336,-0.018249,0.037171,-0.019594
112,336,-0.017678,0.03805,-0.019694
119,336,-0.017367,0.038658,-0.019845
126,336,-0.017231,0.039387,-0.020133
133,336,-0.017183,0.040089,-0.02001
140,336,-0.016578,0.040763,-0.019838
147,336,-0.015679,0.041617,-0.019742
0,343,-0.016073,0.034397,-0.019007
7,343,-0.015211,0.035235,-0.019031
14,343,-0.015293,0.035695,-0.019233
21,343,-0.015829,0.035914,-0.019447
28,343,-0.01591,0.036607,-0.019461
35,343,-0.016192,0.036924,-0.019279
42,343,-0.016104,0.037133,-0.018894
49,343,-0.01652,0.037033,-0.01864
56,343,-0.01705,0.036565,-0.018505
63,343,-0.017395,0.03599,-0.018246
70,343,-0.017574,0.035575,-0.018064
77,343,-0.017665,0.035191,-0.01818
84,343,-0.018102,0.035097,-0.018553
91,343,-0.018614,0.035262,-0.019181
98,343,-0.01879,0.03554,-0.019795
105,343,-0.018373,0.036145,-0.020227
112,343,-0.017641,0.037077,-0.02046
119,343,-0.016759,0.038132,-0.020419
126,343,-0.016722,0.039349,-0.020816
133,343,-0.016512,0.039852,-0.020672
140,343,-0.015822,0.04081,-0.020521
147,343,-0.015728,0.042163,-0.020027
0,350,-0.016248,0.033101,-0.021264
7,350,-0.015352,0.034154,-0.02102
14,350,-0.01555,0.034799,-0.02084
21,350,-0.015989,0.035027,-0.0208
28,350,-0.015706,0.035529,-0.020489
35,350,-0.015784,0.036125,-0.019996
42,350,-0.01574,0.036478,-0.019356
49,350,-0.015829,0.036695,-0.018724
56,350,-0.016266,0.036243,-0.018399
63,350,-0.016611,0.035725,-0.017979
70,350,-0.016946,0.035294,-0.017794
77,350,-0.017411,0.034959,-0.017929
84,350,-0.018115,0.034864,-0.01847
91,350,-0.018582,0.034916,-0.019386
98,350,-0.018708,0.035119,-0.020201
105,350,-0.018403,0.035617,-0.020831
112,350,-0.017678,0.036554,-0.020998
119,350,-0.016674,0.037941,-0.021195
126,350,-0.016754,0.039324,-0.021249
133,350,-0.016328,0.039878,-0.021046
140,350,-0.015963,0.040787,-0.020755
147,350,-0.016165,0.041991,-0.020467
0,357,-0.016323,0.033057,-0.023059
7,357,-0.016102,0.034064,-0.022479
14,357,-0.016306,0.034527,-0.022162
21,357,-0.016433,0.034727,-0.021794
28,357,-0.015846,0.035102,-0.021385
35,357,-0.015699,0.035709,-0.020594
42,357,-0.01568,0.036106,-0.019651
49,357,-0.015458,0.036364,-0.018639
56,357,-0.015568,0.035994,-0.018036
63,357,-0.015944,0.035473,-0.017559
70,357,-0.016404,0.035086,-0.017333
77,357,-0.016924,0.034909,-0.017531
84,357,-0.017734,0.035037,-0.018283
91,357,-0.018359,0.035126,-0.019293
98,357,-0.018678,0.035325,-0.020372
105,357,-0.018348,0.035596,-0.021178
112,357,-0.017863,0.036664,-0.021446
119,357,-0.017246,0.03839,-0.02152
126,357,-0.017187,0.039368,-0.02154
133,357,-0.016869,0.039925,-0.021338
140,357,-0.016627,0.040687,-0.020945
147,357,-0.017164,0.042091,-0.020705
0,364,-0.016864,0.034838,-0.023594
7,364,-0.016891,0.03499,-0.023425
14,364,-0.017186,0.035513,-0.023046
21,364,-0.016958,0.035585,-0.022604
28,364,-0.016446,0.035972,-0.022249
35,364,-0.016135,0.036014,-0.02122
42,364,-0.015875,0.036194,-0.019822
49,364,-0.015341,0.03643,-0.018403
56,364,-0.0151,0.036274,-0.017508
63,364,-0.01516,0.035786,-0.01702
70,364,-0.015733,0.035504,-0.016748
77,364,-0.016553,0.035126,-0.01704
84,364,-0.017422,0.035529,-0.017907
91,364,-0.018171,0.035875,-0.018929
98,364,-0.01846,0.036082,-0.020152
105,364,-0.018644,0.036481,-0.020957
112,364,-0.018067,0.037034,-0.021501
119,364,-0.018046,0.038674,-0.02177
126,364,-0.01796,0.039587,-0.021606
133,364,-0.01774,0.040052,-0.021374
140,364,-0.017739,0.040606,-0.021128
147,364,-0.018161,0.041549,-0.021027
0,371,-0.017321,0.036854,-0.023793
7,371,-0.017594,0.036844,-0.023944
14,371,-0.017552,0.03696,-0.023811
21,371,-0.017293,0.037354,-0.023321
28,371,-0.016999,0.037257,-0.022984
35,371,-0.016986,0.037191,-0.021828
42,371,-0.016599,0.036911,-0.02026
49,371,-0.015641,0.036784,-0.018438
56,371,-0.014891,0.036614,-0.0171
63,371,-0.014826,0.036289,-0.016424
70,371,-0.015469,0.035977,-0.016289
77,371,-0.016331,0.035545,-0.016647
84,371,-0.017321,0.036044,-0.017563
91,371,-0.018081,0.03659,-0.01872
98,371,-0.018251,0.036789,-0.019931
105,371,-0.018466,0.036737,-0.02072
112,371,-0.018465,0.03728,-0.021541
119,371,-0.018674,0.038563,-0.02184
126,371,-0.018489,0.039395,-0.021786
133,371,-0.018378,0.03945,-0.021627
140,371,-0.018624,0.04006,-0.021338
147,371,-0.019221,0.040633,-0.021311
0,378,-0.01719,0.038917,-0.024074
7,378,-0.017529,0.038914,-0.0249
14,378,-0.017649,0.038843,-0.024791
21,378,-0.017689,0.038996,-0.024217
28,378,-0.017694,0.039044,-0.023418
35,378,-0.017951,0.038378,-0.022276
42,378,-0.017588,0.037866,-0.020627
49,378,-0.016521,0.037218,-0.018833
56,378,-0.015555,0.036978,-0.017221
63,378,-0.015076,0.036419,-0.016149
70,378,-0.015217,0.036031,-0.015965
77,378,-0.016376,0.036278,-0.016611
84,378,-0.017453,0.036489,-0.017598
91,378,-0.017927,0.036933,-0.018733
98,378,-0.017955,0.036938,-0.01969
105,378,-0.018264,0.036901,-0.020629
112,378,-0.018898,0.037243,-0.021616
119,378,-0.018942,0.037985,-0.022076
126,378,-0.018761,0.038418,-0.021902
133,378,-0.01873,0.038681,-0.021812
140,378,-0.019376,0.038722,-0.021657
147,378,-0.020934,0.038741,-0.021224
0,385,-0.016528,0.040153,-0.024656
7,385,-0.017154,0.04063,-0.025585
14,385,-0.017602,0.04045,-0.025497
21,385,-0.01829,0.040359,-0.024456
28,385,-0.0188,0.039882,-0.023337
35,385,-0.01901,0.039222,-0.022291
42,385,-0.018517,0.038606,-0.020761
49,385,-0.01762,0.038031,-0.018706
56,385,-0.016485,0.037148,-0.017038
63,385,-0.01549,0.036673,-0.016089
70,385,-0.015491,0.036393,-0.015975
77,385,-0.016392,0.03653,-0.01654
84,385,-0.017476,0.036742,-0.017625
91,385,-0.017702,0.037045,-0.018695
98,385,-0.017734,0.037085,-0.019619
105,385,-0.018006,0.037104,-0.020513
112,385,-0.018927,0.037403,-0.021437
119,385,-0.019187,0.037284,-0.022017
126,385,-0.01912,0.036805,-0.021698
133,385,-0.019288,0.036741,-0.021569
140,385,-0.020203,0.036759,-0.021458
147,385,-0.022509,0.036224,-0.020706
0,392,-0.015878,0.04115,-0.024471
7,392,-0.01711,0.041482,-0.025184
14,392,-0.018213,0.041372,-0.024906
21,392,-0.019179,0.04086,-0.023643
28,392,-0.019566,0.040625,-0.022542
35,392,-0.019775,0.039551,-0.021559
42,392,-0.019349,0.038879,-0.020224
49,392,-0.018226,0.038288,-0.018495
56,392,-0.017051,0.037621,-0.016818
63,392,-0.016077,0.037087,-0.015911
70,392,-0.015681,0.036915,-0.016019
77,392,-0.016372,0.036894,-0.01678
84,392,-0.017357,0.03716,-0.017763
91,392,-0.017594,0.037405,-0.018658
98,392,-0.017566,0.037506,-0.019486
105,392,-0.01803,0.037568,-0.020188
112,392,-0.018899,0.03732,-0.020925
119,392,-0.019747,0.036297,-0.021546
126,392,-0.01972,0.035382,-0.021015
133,392,-0.020156,0.035162,-0.020942
140,392,-0.021483,0.034943,-0.02105
147,392,-0.0235,0.033964,-0.020839
0,399,-0.015223,0.0413,-0.023361
7,399,-0.016956,0.042107,-0.024072
14,399,-0.018578,0.042066,-0.023472
21,399,-0.019422,0.041359,-0.022466
28,399,-0.019897,0.040795,-0.021347
35,399,-0.019998,0.039974,-0.020565
42,399,-0.01964,0.03921,-0.019584
49,399,-0.018447,0.038761,-0.017975
56,399,-0.017404,0.038221,-0.01661
63,399,-0.016522,0.037615,-0.015949
70,399,-0.015952,0.037434,-0.016281
77,399,-0.016362,0.037949,-0.017149
84,399,-0.017128,0.038011,-0.018103
91,399,-0.017721,0.038158,-0.018688
98,399,-0.017865,0.037851,-0.019379
105,399,-0.018177,0.037746,-0.019809
112,399,-0.018902,0.037282,-0.020473
119,399,-0.020154,0.035801,-0.020757
126,399,-0.020211,0.034933,-0.020629
133,399,-0.020963,0.034449,-0.020627
140,399,-0.022311,0.034222,-0.021003
147,399,-0.023612,0.033243,-0.021488
0,406,-0.013656,0.041106,-0.022358
7,406,-0.01581,0.041588,-0.022701
14,406,-0.018233,0.041403,-0.021936
21,406,-0.018984,0.040697,-0.021017
28,406,-0.01943,0.040142,-0.020142
35,406,-0.019693,0.039782,-0.019644
42,406,-0.019412,0.039111,-0.019076
49,406,-0.01853,0.038641,-0.017732
56,406,-0.017547,0.038308,-0.01644
63,406,-0.016996,0.037977,-0.016121
70,406,-0.016372,0.038243,-0.016707
77,406,-0.016599,0.038636,-0.017694
84,406,-0.017185,0.038804,-0.018417
91,406,-0.017812,0.038557,-0.018809
98,406,-0.018246,0.037973,-0.01901
105,406,-0.018721,0.037486,-0.0195
112,406,-0.019152,0.037059,-0.020036
119,406,-0.020323,0.035716,-0.020252
126,406,-0.020594,0.034915,-0.020385
133,406,-0.020909,0.034544,-0.020609
140,406,-0.021919,0.034118,-0.02144
147,406,-0.02318,0.03302,-0.022501
0,413,-0.012483,0.03984,-0.021498
7,413,-0.014623,0.039996,-0.021513
14,413,-0.016654,0.039652,-0.02068
21,413,-0.017725,0.039034,-0.020028
28,413,-0.018408,0.03869,-0.019324
35,413,-0.018863,0.038691,-0.018808
42,413,-0.018854,0.038363,-0.018478
49,413,-0.018513,0.038296,-0.017543
56,413,-0.017936,0.038089,-0.016472
63,413,-0.017393,0.038291,-0.016456
70,413,-0.016679,0.03877,-0.017276
77,413,-0.016599,0.039256,-0.018072
84,413,-0.017559,0.039466,-0.018524
91,413,-0.018299,0.038767,-0.018532
98,413,-0.018798,0.038106,-0.018672
105,413,-0.018886,0.037665,-0.019061
112,413,-0.019404,0.036994,-0.019627
119,413,-0.019937,0.0358,-0.020099
126,413,-0.019708,0.034554,-0.020582
133,413,-0.019635,0.034344,-0.020993
140,413,-0.02004,0.033855,-0.021966
147,413,-0.021744,0.032733,-0.023233
0,420,-0.012453,0.038797,-0.020446
7,420,-0.013168,0.038286,-0.020481
14,420,-0.014947,0.037891,-0.019841
21,420,-0.016629,0.037562,-0.019034
28,420,-0.017129,0.037257,-0.018574
35,420,-0.017778,0.037405,-0.018291
42,420,-0.018076,0.037389,-0.017822
49,420,-0.01816,0.037263,-0.016978
56,420,-0.017908,0.037461,-0.016284
63,420,-0.017338,0.038115,-0.016922
70,420,-0.016752,0.039054,-0.017779
77,420,-0.017034,0.039523,-0.018323
84,420,-0.018148,0.039646,-0.018363
91,420,-0.018557,0.0389,-0.018153
98,420,-0.019042,0.038329,-0.018084
105,420,-0.019121,0.037913,-0.018785
112,420,-0.018965,0.03711,-0.019624
119,420,-0.018775,0.036021,-0.020207
126,420,-0.018537,0.034561,-0.020731
133,420,-0.018113,0.034132,-0.021345
140,420,-0.01806,0.033452,-0.022512
147,420,-0.018896,0.032834,-0.024081
0,427,-0.012736,0.03853,-0.020123
7,427,-0.012386,0.037469,-0.019852
14,427,-0.013959,0.037108,-0.018908
21,427,-0.015638,0.037088,-0.018261
28,427,-0.016326,0.036744,-0.01792
35,427,-0.016988,0.036532,-0.017593
42,427,-0.017355,0.036327,-0.017071
49,427,-0.017519,0.035943,-0.01634
56,427,-0.017562,0.036609,-0.016376
63,427,-0.01713,0.037555,-0.01723
70,427,-0.016933,0.038809,-0.01824
77,427,-0.017538,0.039629,-0.018674
84,427,-0.018584,0.039577,-0.018489
91,427,-0.019062,0.039157,-0.01806
98,427,-0.01895,0.038718,-0.018158
105,427,-0.018609,0.038267,-0.018968
112,427,-0.018105,0.037352,-0.019983
119,427,-0.017524,0.035945,-0.020162
126,427,-0.016812,0.034803,-0.020882
133,427,-0.016195,0.034563,-0.021634
140,427,-0.015871,0.033899,-0.022925
147,427,-0.016356,0.033069,-0.02447
0,434,-0.013743,0.038508,-0.020301
7,434,-0.012876,0.037415,-0.019841
14,434,-0.013973,0.037044,-0.018707
21,434,-0.015081,0.037078,-0.017844
28,434,-0.015586,0.036866,-0.01747
35,434,-0.016076,0.03623,-0.017077
42,434,-0.016559,0.035631,-0.016783
49,434,-0.01674,0.035345,-0.016304
56,434,-0.016689,0.036103,-0.016742
63,434,-0.016734,0.037358,-0.017806
70,434,-0.016742,0.038105,-0.018817
77,434,-0.017829,0.038869,-0.019234
84,434,-0.018919,0.038907,-0.018921
91,434,-0.01927,0.039162,-0.018442
98,434,-0.019056,0.039037,-0.01843
105,434,-0.018327,0.038203,-0.01934
112,434,-0.017133,0.037246,-0.020213
119,434,-0.016311,0.036127,-0.020359
126,434,-0.015571,0.035322,-0.0209
133,434,-0.014879,0.035026,-0.021682
140,434,-0.014433,0.034482,-0.023032
147,434,-0.015005,0.033825,-0.024439
0,441,-0.015079,0.038784,-0.021002
7,441,-0.014153,0.037888,-0.020628
14,441,-0.014316,0.03767,-0.01956
21,441,-0.014782,0.037156,-0.018695
28,441,-0.01486,0.03693,-0.018164
35,441,-0.014956,0.03626,-0.017624
42,441,-0.015331,0.0361,-0.017315
49,441,-0.015641,0.036083,-0.017444
56,441,-0.015769,0.036891,-0.017897
63,441,-0.016255,0.037714,-0.018792
70,441,-0.016854,0.038645,-0.01925
77,441,-0.017847,0.038996,-0.019729
84,441,-0.018919,0.039016,-0.019502
91,441,-0.019402,0.038924,-0.018916
98,441,-0.018874,0.038696,-0.018441
105,441,-0.017569,0.038046,-0.019199
112,441,-0.016276,0.03658,-0.020232
119,441,-0.015486,0.03576,-0.020495
126,441,-0.014917,0.035564,-0.020848
133,441,-0.014125,0.035189,-0.021595
140,441,-0.013647,0.034325,-0.022809
147,441,-0.014367,0.034135,-0.02396
0,448,-0.016322,0.039144,-0.02293
7,448,-0.015413,0.038541,-0.022004
14,448,-0.014606,0.038569,-0.021166
21,448,-0.014725,0.038098,-0.020333
28,448,-0.01426,0.037459,-0.019721
35,448,-0.014263,0.037093,-0.018739
42,448,-0.014495,0.036904,-0.018314
49,448,-0.014872,0.03723,-0.018595
56,448,-0.015316,0.037774,-0.018883
63,448,-0.016212,0.038458,-0.01945
70,448,-0.016993,0.039146,-0.01971
77,448,-0.017826,0.039618,-0.019848
84,448,-0.018954,0.039402,-0.019496
91,448,-0.019153,0.038919,-0.018737
98,448,-0.018327,0.038422,-0.018258
105,448,-0.016947,0.037379,-0.018898
112,448,-0.015693,0.036094,-0.019767
119,448,-0.014761,0.034964,-0.020126
126,448,-0.0146,0.034886,-0.020484
133,448,-0.013924,0.034201,-0.021237
140,448,-0.014251,0.033667,-0.022158
147,448,-0.015143,0.034086,-0.023055
0,455,-0.016754,0.038793,-0.024754
7,455,-0.015934,0.038482,-0.023571
14,455,-0.014912,0.038804,-0.022822
21,455,-0.014834,0.038345,-0.021922
28,455,-0.014358,0.038057,-0.021123
35,455,-0.014285,0.037698,-0.019724
42,455,-0.014636,0.038117,-0.019194
49,455,-0.014968,0.038575,-0.019261
56,455,-0.015591,0.039337,-0.019655
63,455,-0.016442,0.039593,-0.019915
70,455,-0.01741,0.039749,-0.019846
77,455,-0.01795,0.040185,-0.01981
84,455,-0.018605,0.039815,-0.01927
91,455,-0.01892,0.039111,-0.018469
98,455,-0.018051,0.038412,-0.017748
105,455,-0.016515,0.036897,-0.018173
112,455,-0.015312,0.035197,-0.018991
119,455,-0.014684,0.034232,-0.019074
126,455,-0.014663,0.033921,-0.019552
133,455,-0.014411,0.033258,-0.020101
140,455,-0.015113,0.032496,-0.021215
147,455,-0.016295,0.033017,-0.021799
0,462,-0.016862,0.038127,-0.026426
7,462,-0.015996,0.038172,-0.025135
14,462,-0.015448,0.038371,-0.024092
21,462,-0.01528,0.038321,-0.02308
28,462,-0.015227,0.03833,-0.021841
35,462,-0.015246,0.038456,-0.020582
42,462,-0.015413,0.039257,-0.019951
49,462,-0.015421,0.039922,-0.019901
56,462,-0.015793,0.040197,-0.020071
63,462,-0.017015,0.040172,-0.019985
70,462,-0.017692,0.03983,-0.019818
77,462,-0.018076,0.039629,-0.019657
84,462,-0.018339,0.039159,-0.018942
91,462,-0.018458,0.038568,-0.01802
98,462,-0.017538,0.037911,-0.017383
105,462,-0.016327,0.036724,-0.0174
112,462,-0.015737,0.035023,-0.017697
119,462,-0.015214,0.034377,-0.017774
126,462,-0.01529,0.033823,-0.018168
133,462,-0.01548,0.033087,-0.018709
140,462,-0.01601,0.032147,-0.019696
147,462,-0.017318,0.032161,-0.019843
0,469,-0.016446,0.037426,-0.027013
7,469,-0.015636,0.037322,-0.025512
14,469,-0.015825,0.037769,-0.024668
21,469,-0.015956,0.038126,-0.023808
28,469,-0.016504,0.038374,-0.022509
35,469,-0.016226,0.038926,-0.0212
42,469,-0.016239,0.039633,-0.020444
49,469,-0.015874,0.040072,-0.020362
56,469,-0.016278,0.03981,-0.020123
63,469,-0.017304,0.03937,-0.019809
70,469,-0.017991,0.038708,-0.019748
77,469,-0.018153,0.037882,-0.019515
84,469,-0.017996,0.037725,-0.018703
91,469,-0.018094,0.037126,-0.017718
98,469,-0.017243,0.036755,-0.016806
105,469,-0.016494,0.035964,-0.016625
112,469,-0.016181,0.034891,-0.016704
119,469,-0.015802,0.034697,-0.016885
126,469,-0.015608,0.034269,-0.016779
133,469,-0.01631,0.03365,-0.017132
140,469,-0.017079,0.032738,-0.017995
147,469,-0.018075,0.032506,-0.017932
0,476,-0.016163,0.036204,-0.026723
7,476,-0.016685,0.036658,-0.025284
14,476,-0.016619,0.037299,-0.024472
21,476,-0.017014,0.038003,-0.023567
28,476,-0.017423,0.038233,-0.022444
35,476,-0.017318,0.039005,-0.021312
42,476,-0.016998,0.038862,-0.020333
49,476,-0.016408,0.038856,-0.020062
56,476,-0.016696,0.038122,-0.019508
63,476,-0.017663,0.037618,-0.01938
70,476,-0.018147,0.036791,-0.019505
77,476,-0.018133,0.036244,-0.019351
84,476,-0.017845,0.035764,-0.018694
91,476,-0.017802,0.035329,-0.017731
98,476,-0.017267,0.035006,-0.016761
105,476,-0.016924,0.034884,-0.016146
112,476,-0.016602,0.034538,-0.016154
119,476,-0.016427,0.034637,-0.016308
126,476,-0.016621,0.034409,-0.015904
133,476,-0.017098,0.033959,-0.016318
140,476,-0.018312,0.033915,-0.016867
147,476,-0.019515,0.033759,-0.016492
0,483,-0.016573,0.034705,-0.026582
7,483,-0.017879,0.035707,-0.025255
14,483,-0.017484,0.036882,-0.024288
21,483,-0.017788,0.037161,-0.023358
28,483,-0.018282,0.037684,-0.022312
35,483,-0.01841,0.038161,-0.020884
42,483,-0.017776,0.038047,-0.019895
49,483,-0.016976,0.037314,-0.019481
56,483,-0.017127,0.03659,-0.01886
63,483,-0.017756,0.036238,-0.018828
70,483,-0.018194,0.035519,-0.018902
77,483,-0.018015,0.034767,-0.019085
84,483,-0.01765,0.033868,-0.018551
91,483,-0.017574,0.03366,-0.017633
98,483,-0.017423,0.033472,-0.016856
105,483,-0.017582,0.033329,-0.016326
112,483,-0.017583,0.033725,-0.016451
119,483,-0.017605,0.034159,-0.016507
126,483,-0.017819,0.034223,-0.015964
133,483,-0.018454,0.034116,-0.016042
140,483,-0.019935,0.034509,-0.017082
147,483,-0.020874,0.035059,-0.017168
0,490,-0.017723,0.034316,-0.026404
7,490,-0.018121,0.035254,-0.025327
14,490,-0.018135,0.035918,-0.024268
21,490,-0.018291,0.03626,-0.023258
28,490,-0.018746,0.036924,-0.022262
35,490,-0.019075,0.037113,-0.020722
42,490,-0.018461,0.036969,-0.019538
49,490,-0.017775,0.036542,-0.019014
56,490,-0.01741,0.036006,-0.018671
63,490,-0.01814,0.035514,-0.018517
70,490,-0.01832,0.034494,-0.018631
77,490,-0.018011,0.033927,-0.01884
84,490,-0.017377,0.033008,-0.018217
91,490,-0.017371,0.032436,-0.01735
98,490,-0.017618,0.032261,-0.016722
105,490,-0.017969,0.032569,-0.016756
112,490,-0.018462,0.033466,-0.016966
119,490,-0.01897,0.033784,-0.016977
126,490,-0.019584,0.033853,-0.016631
133,490,-0.020388,0.034293,-0.016858
140,490,-0.02121,0.03496,-0.01812
147,490,-0.022499,0.034806,-0.017774
0,497,-0.018095,0.03601,-0.025163
7,497,-0.018726,0.036519,-0.024918
14,497,-0.018602,0.036875,-0.023728
21,497,-0.018295,0.036843,-0.022729
28,497,-0.018984,0.036871,-0.021618
35,497,-0.019355,0.037088,-0.020242
42,497,-0.018927,0.036408,-0.018952
49,497,-0.017826,0.035681,-0.018565
56,497,-0.017508,0.035095,-0.018601
63,497,-0.017971,0.034702,-0.018291
70,497,-0.018177,0.033525,-0.01863
77,497,-0.01804,0.032559,-0.0188
84,497,-0.017486,0.031981,-0.018395
91,497,-0.01741,0.032072,-0.017375
98,497,-0.017527,0.032166,-0.01688
105,497,-0.018149,0.032631,-0.016756
112,497,-0.019249,0.033742,-0.017419
119,497,-0.020057,0.034076,-0.017678
126,497,-0.020742,0.033987,-0.017229
133,497,-0.021524,0.034151,-0.017754
140,497,-0.022041,0.034452,-0.018818
147,497,-0.021856,0.034022,-0.019197
0,504,-0.018454,0.038629,-0.023813
7,504,-0.01895,0.038461,-0.023383
14,504,-0.018976,0.038091,-0.022322
21,504,-0.018822,0.037948,-0.021374
28,504,-0.019226,0.037149,-0.02046
35,504,-0.019305,0.037357,-0.019125
42,504,-0.018727,0.03653,-0.017958
49,504,-0.017563,0.035375,-0.018214
56,504,-0.017079,0.034498,-0.018278
63,504,-0.017261,0.033712,-0.018378
70,504,-0.017695,0.033117,-0.018956
77,504,-0.017855,0.032648,-0.019201
84,504,-0.017997,0.032382,-0.01886
91,504,-0.018168,0.032756,-0.017995
98,504,-0.018478,0.033175,-0.017268
105,504,-0.019318,0.033977,-0.01696
112,504,-0.019572,0.035088,-0.017768
119,504,-0.020466,0.034969,-0.017892
126,504,-0.020052,0.034889,-0.017791
133,504,-0.020386,0.034893,-0.018516
140,504,-0.019501,0.034343,-0.019804
147,504,-0.018465,0.034566,-0.021348
0,511,-0.018244,0.040611,-0.022858
7,511,-0.019401,0.039942,-0.021806
14,511,-0.019246,0.039276,-0.021005
21,511,-0.019034,0.038593,-0.020386
28,511,-0.018695,0.038238,-0.019755
35,511,-0.019054,0.037399,-0.018683
42,511,-0.018371,0.036789,-0.017614
49,511,-0.017139,0.035309,-0.01772
56,511,-0.016384,0.034388,-0.017957
63,511,-0.016275,0.033496,-0.018547
70,511,-0.016832,0.032847,-0.019037
77,511,-0.017646,0.032566,-0.019222
84,511,-0.018624,0.032908,-0.019168
91,511,-0.01928,0.033992,-0.018633
98,511,-0.01978,0.035004,-0.017946
105,511,-0.019883,0.036056,-0.017676
112,511,-0.019583,0.036992,-0.018092
119,511,-0.019193,0.036353,-0.018398
126,511,-0.017687,0.036697,-0.019288
133,511,-0.016803,0.036983,-0.019941
140,511,-0.015945,0.036447,-0.021081
147,511,-0.01512,0.034638,-0.021551
0,518,-0.017884,0.041834,-0.022214
7,518,-0.018973,0.041321,-0.021767
14,518,-0.01854,0.04004,-0.020872
21,518,-0.018117,0.039493,-0.020203
28,518,-0.017906,0.038929,-0.01974
35,518,-0.018301,0.037789,-0.018782
42,518,-0.017914,0.036988,-0.017719
49,518,-0.016838,0.036207,-0.017247
56,518,-0.015864,0.03503,-0.017746
63,518,-0.015677,0.034358,-0.018181
70,518,-0.01623,0.033618,-0.018749
77,518,-0.017609,0.033241,-0.018909
84,518,-0.019152,0.033878,-0.019214
91,518,-0.020078,0.035134,-0.019381
98,518,-0.020931,0.036083,-0.018712
105,518,-0.02042,0.037382,-0.01863
112,518,-0.018731,0.038059,-0.018792
119,518,-0.017222,0.037943,-0.019248
126,518,-0.015831,0.037552,-0.019467
133,518,-0.014258,0.037681,-0.019676
140,518,-0.012921,0.037819,-0.020266
147,518,-0.011595,0.037241,-0.021811
0,525,-0.01704,0.04254,-0.023191
7,525,-0.017744,0.041615,-0.02214
14,525,-0.017605,0.040949,-0.021351
21,525,-0.017075,0.040437,-0.020752
28,525,-0.017139,0.039818,-0.019918
35,525,-0.017509,0.038794,-0.018678
42,525,-0.017331,0.037963,-0.017475
49,525,-0.01671,0.037068,-0.016962
56,525,-0.015728,0.036422,-0.01709
63,525,-0.015576,0.036061,-0.017201
70,525,-0.01587,0.035558,-0.017614
77,525,-0.017552,0.034832,-0.018009
84,525,-0.018918,0.035167,-0.018983
91,525,-0.020379,0.035407,-0.019314
98,525,-0.021377,0.036411,-0.019421
105,525,-0.019949,0.03743,-0.019293
112,525,-0.018106,0.037337,-0.019242
119,525,-0.015954,0.037763,-0.0194
126,525,-0.014176,0.038221,-0.020091
133,525,-0.011784,0.038888,-0.020132
140,525,-0.01036,0.038877,-0.019883
147,525,-0.0093248,0.037326,-0.01976
0,532,-0.015489,0.042049,-0.024011
7,532,-0.016803,0.041303,-0.022482
14,532,-0.016857,0.040826,-0.021711
21,532,-0.016678,0.040499,-0.020876
28,532,-0.016998,0.040116,-0.019826
35,532,-0.017343,0.038785,-0.01816
42,532,-0.017335,0.038014,-0.016863
49,532,-0.01688,0.037319,-0.016459
56,532,-0.015981,0.03739,-0.016406
63,532,-0.015646,0.036958,-0.016745
70,532,-0.016211,0.036446,-0.016631
77,532,-0.01728,0.036168,-0.017062
84,532,-0.018945,0.036227,-0.018135
91,532,-0.020623,0.035869,-0.019063
98,532,-0.020951,0.036161,-0.019534
105,532,-0.019629,0.036253,-0.019377
112,532,-0.016525,0.036445,-0.019644
119,532,-0.014914,0.03726,-0.020037
126,532,-0.013534,0.037565,-0.019992
133,532,-0.011315,0.037733,-0.019549
140,532,-0.0081246,0.037441,-0.018022
147,532,-0.00765,0.035448,-0.016695
0,539,-0.014828,0.04158,-0.024415
7,539,-0.015885,0.041366,-0.022519
14,539,-0.016339,0.040839,-0.021415
21,539,-0.017127,0.040601,-0.020515
28,539,-0.017471,0.039729,-0.019326
35,539,-0.017785,0.038345,-0.017634
42,539,-0.01735,0.037094,-0.016245
49,539,-0.017082,0.036464,-0.015948
56,539,-0.016439,0.036116,-0.016016
63,539,-0.01612,0.035552,-0.016143
70,539,-0.016352,0.035488,-0.01567
77,539,-0.017259,0.035615,-0.01619
84,539,-0.018456,0.035163,-0.017365
91,539,-0.019807,0.035247,-0.018708
98,539,-0.020526,0.035747,-0.019458
105,539,-0.018359,0.036129,-0.019691
112,539,-0.015274,0.03663,-0.020045
119,539,-0.014191,0.036447,-0.019816
126,539,-0.013451,0.036109,-0.019157
133,539,-0.011039,0.036031,-0.01832
140,539,-0.0084096,0.035526,-0.016423
147,539,-0.006946,0.034596,-0.013644
0,546,-0.014145,0.042947,-0.024661
7,546,-0.015624,0.042522,-0.02281
14,546,-0.016488,0.042139,-0.021219
21,546,-0.017638,0.041241,-0.019945
28,546,-0.017935,0.03972,-0.018675
35,546,-0.017923,0.038252,-0.017024
42,546,-0.017765,0.037,-0.015459
49,546,-0.017449,0.035853,-0.015044
56,546,-0.017059,0.035298,-0.015217
63,546,-0.016436,0.034791,-0.015302
70,546,-0.016758,0.034479,-0.015115
77,546,-0.017145,0.034243,-0.015647
84,546,-0.018036,0.034038,-0.016776
91,546,-0.019271,0.034897,-0.018551
98,546,-0.019727,0.03546,-0.01991
105,546,-0.017931,0.035684,-0.020037
112,546,-0.014832,0.035469,-0.019505
119,546,-0.013728,0.034897,-0.018967
126,546,-0.013122,0.034678,-0.018569
133,546,-0.011012,0.034045,-0.017312
140,546,-0.0088003,0.033421,-0.015271
147,546,-0.007769,0.032891,-0.012187
0,553,-0.014292,0.043819,-0.025662
7,553,-0.015063,0.042724,-0.022891
14,553,-0.01694,0.04172,-0.020876
21,553,-0.018262,0.040699,-0.019388
28,553,-0.01844,0.039144,-0.018274
35,553,-0.01855,0.03834,-0.016481
42,553,-0.018572,0.037569,-0.014964
49,553,-0.018494,0.03683,-0.014375
56,553,-0.017677,0.036009,-0.014528
63,553,-0.01698,0.034992,-0.014599
70,553,-0.016614,0.03487,-0.014652
77,553,-0.017146,0.034761,-0.015226
84,553,-0.017655,0.035016,-0.016598
91,553,-0.018424,0.03481,-0.018592
98,553,-0.018563,0.034454,-0.019803
105,553,-0.016734,0.034524,-0.019992
112,553,-0.01376,0.034019,-0.019483
119,553,-0.012657,0.033439,-0.017976
126,553,-0.012076,0.033423,-0.01738
133,553,-0.010318,0.032682,-0.016177
140,553,-0.0097989,0.031872,-0.013671
147,553,-0.0089508,0.032198,-0.011095
0,560,-0.014727,0.043933,-0.024104
7,560,-0.015311,0.042477,-0.021511
14,560,-0.017367,0.041138,-0.019434
21,560,-0.018762,0.040348,-0.018072
28,560,-0.019018,0.03943,-0.01758
35,560,-0.01893,0.038928,-0.016371
42,560,-0.019328,0.038555,-0.014812
49,560,-0.019355,0.038027,-0.01437
56,560,-0.018672,0.037034,-0.014264
63,560,-0.017649,0.036342,-0.014764
70,560,-0.016734,0.036266,-0.014849
77,560,-0.016505,0.036241,-0.015471
84,560,-0.01688,0.036058,-0.016953
91,560,-0.017754,0.035449,-0.018503
98,560,-0.017305,0.034289,-0.019818
105,560,-0.016003,0.033492,-0.019838
112,560,-0.013647,0.032726,-0.018667
119,560,-0.01291,0.032235,-0.017169
126,560,-0.011742,0.032844,-0.016638
133,560,-0.01088,0.031818,-0.014939
140,560,-0.010149,0.031187,-0.011963
147,560,-0.011123,0.031363,-0.0093555
0,567,-0.015312,0.043872,-0.02221
7,567,-0.015961,0.043211,-0.019536
14,567,-0.01723,0.041449,-0.018032
21,567,-0.018601,0.040714,-0.016934
28,567,-0.018962,0.039661,-0.0166
35,567,-0.019114,0.039221,-0.015537
42,567,-0.019847,0.039228,-0.014354
49,567,-0.020321,0.038602,-0.014474
56,567,-0.019604,0.037622,-0.01481
63,567,-0.01811,0.03784,-0.015273
70,567,-0.016889,0.038054,-0.015737
77,567,-0.015983,0.038128,-0.016397
84,567,-0.015955,0.037812,-0.017218
91,567,-0.016399,0.036699,-0.018588
98,567,-0.016406,0.035474,-0.019754
105,567,-0.015315,0.034276,-0.019907
112,567,-0.014636,0.033107,-0.01856
119,567,-0.014199,0.032788,-0.016918
126,567,-0.013257,0.032068,-0.015573
133,567,-0.012838,0.031095,-0.013618
140,567,-0.012748,0.03063,-0.010729
147,567,-0.011776,0.030572,-0.0075734
0,574,-0.015758,0.043644,-0.021666
7,574,-0.016678,0.042749,-0.018899
14,574,-0.017663,0.041883,-0.016796
21,574,-0.018599,0.040672,-0.016072
28,574,-0.019147,0.039587,-0.015629
35,574,-0.01965,0.038387,-0.014802
42,574,-0.020126,0.038519,-0.013993
49,574,-0.020079,0.03841,-0.014301
56,574,-0.020109,0.038367,-0.015195
63,574,-0.018667,0.038693,-0.016098
70,574,-0.017063,0.03911,-0.01665
77,574,-0.015488,0.039527,-0.017245
84,574,-0.015007,0.039623,-0.017476
91,574,-0.015386,0.038623,-0.018215
98,574,-0.015177,0.037979,-0.019406
105,574,-0.014945,0.036511,-0.019293
112,574,-0.014991,0.034774,-0.018297
119,574,-0.015939,0.033354,-0.016722
126,574,-0.015821,0.032318,-0.015501
133,574,-0.01616,0.03132,-0.013601
140,574,-0.015213,0.031226,-0.010914
147,574,-0.013948,0.029898,-0.0080012
0,581,-0.01724,0.04234,-0.0208
7,581,-0.018098,0.041177,-0.017982
14,581,-0.018786,0.040294,-0.016096
21,581,-0.019237,0.039985,-0.015304
28,581,-0.019659,0.03893,-0.015162
35,581,-0.020043,0.037588,-0.014101
42,581,-0.020066,0.037032,-0.014008
49,581,-0.019893,0.037198,-0.014538
56,581,-0.019764,0.037646,-0.015829
63,581,-0.018465,0.038702,-0.016934
70,581,-0.016807,0.039712,-0.01782
77,581,-0.015617,0.040369,-0.018363
84,581,-0.014756,0.040219,-0.017858
91,581,-0.014537,0.039749,-0.01792
98,581,-0.014747,0.03931,-0.018479
105,581,-0.014863,0.037769,-0.018489
112,581,-0.015595,0.036021,-0.017278
119,581,-0.016889,0.034662,-0.015982
126,581,-0.016817,0.031899,-0.01508
133,581,-0.017192,0.030552,-0.013717
140,581,-0.016928,0.029998,-0.011719
147,581,-0.01665,0.030348,-0.0088166
0,588,-0.019061,0.03866,-0.020614
7,588,-0.019271,0.038519,-0.017766
14,588,-0.019959,0.038664,-0.015599
21,588,-0.020139,0.038904,-0.014646
28,588,-0.020317,0.038293,-0.014075
35,588,-0.02009,0.037592,-0.013386
42,588,-0.019649,0.037299,-0.013439
49,588,-0.019217,0.037479,-0.014651
56,588,-0.018659,0.037862,-0.016386
63,588,-0.017651,0.039078,-0.017665
70,588,-0.016292,0.040438,-0.018344
77,588,-0.015733,0.040577,-0.018661
84,588,-0.014897,0.040035,-0.018185
91,588,-0.014597,0.039576,-0.017971
98,588,-0.014581,0.038766,-0.018091
105,588,-0.015491,0.037335,-0.01735
112,588,-0.01588,0.035842,-0.016547
119,588,-0.017255,0.033676,-0.015015
126,588,-0.01752,0.032222,-0.014142
133,588,-0.017915,0.031076,-0.012995
140,588,-0.018028,0.02926,-0.011149
147,588,-0.017044,0.027561,-0.0094454
0,595,-0.019189,0.034933,-0.020166
7,595,-0.021015,0.034457,-0.016935
14,595,-0.021297,0.034706,-0.015354
21,595,-0.020823,0.035942,-0.01463
28,595,-0.020909,0.036613,-0.013658
35,595,-0.019833,0.037122,-0.012813
42,595,-0.018754,0.036884,-0.01303
49,595,-0.018048,0.03781,-0.014452
56,595,-0.017691,0.038997,-0.016464
63,595,-0.016918,0.040301,-0.017575
70,595,-0.016019,0.041008,-0.018455
77,595,-0.015379,0.040436,-0.018474
84,595,-0.015031,0.039459,-0.018114
91,595,-0.014727,0.038809,-0.017898
98,595,-0.014869,0.037212,-0.017347
105,595,-0.015415,0.035636,-0.016558
112,595,-0.016042,0.033904,-0.015511
119,595,-0.016953,0.031989,-0.014491
126,595,-0.017619,0.031034,-0.013392
133,595,-0.017924,0.029751,-0.012172
140,595,-0.017999,0.028482,-0.010865
147,595,-0.018004,0.028396,-0.0093097
0,602,-0.021975,0.031313,-0.019263
7,602,-0.022345,0.0311,-0.016243
14,602,-0.021426,0.032882,-0.015129
21,602,-0.020981,0.033856,-0.014522
28,602,-0.021028,0.034773,-0.013992
35,602,-0.019601,0.03534,-0.013391
42,602,-0.017991,0.036245,-0.013192
49,602,-0.017217,0.037453,-0.014686
56,602,-0.016862,0.038803,-0.016607
63,602,-0.015763,0.039687,-0.017805
70,602,-0.015042,0.04018,-0.018127
77,602,-0.014691,0.039177,-0.0178
84,602,-0.014543,0.038107,-0.01769
91,602,-0.014864,0.036815,-0.017209
98,602,-0.015123,0.03547,-0.016789
105,602,-0.015668,0.034607,-0.016103
112,602,-0.015814,0.032834,-0.015069
119,602,-0.016677,0.031017,-0.014069
126,602,-0.017286,0.029939,-0.013361
133,602,-0.017313,0.029488,-0.01257
140,602,-0.016998,0.029328,-0.011257
147,602,-0.017785,0.029286,-0.010068
0,609,-0.024791,0.033064,-0.017726
7,609,-0.022973,0.033949,-0.016479
14,609,-0.021808,0.034545,-0.015852
21,609,-0.02124,0.034953,-0.015235
28,609,-0.020501,0.035621,-0.014465
35,609,-0.0197,0.036508,-0.013929
42,609,-0.017795,0.036937,-0.014123
49,609,-0.016414,0.03807,-0.015288
56,609,-0.015929,0.03823,-0.016781
63,609,-0.0148,0.038466,-0.017531
70,609,-0.014245,0.037854,-0.017636
77,609,-0.014083,0.036793,-0.017282
84,609,-0.014116,0.036062,-0.016892
91,609,-0.014455,0.035097,-0.016443
98,609,-0.015438,0.033707,-0.016471
105,609,-0.015436,0.032229,-0.016123
112,609,-0.016048,0.030383,-0.015109
119,609,-0.016631,0.028862,-0.014258
126,609,-0.016844,0.028868,-0.013811
133,609,-0.016506,0.029148,-0.013188
140,609,-0.015848,0.028301,-0.012443
147,609,-0.015662,0.028305,-0.011424
0,616,-0.026157,0.037757,-0.017471
7,616,-0.023348,0.039,-0.016903
14,616,-0.022385,0.038545,-0.016527
21,616,-0.021418,0.038042,-0.015807
28,616,-0.020164,0.037726,-0.015144
35,616,-0.019694,0.038351,-0.014607
42,616,-0.017651,0.038882,-0.014837
49,616,-0.016272,0.039065,-0.01571
56,616,-0.015537,0.038423,-0.016693
63,616,-0.01454,0.037441,-0.017154
70,616,-0.013143,0.035906,-0.01728
77,616,-0.013118,0.034851,-0.016889
84,616,-0.013478,0.034221,-0.016368
91,616,-0.013983,0.032628,-0.015624
98,616,-0.014973,0.031101,-0.015688
105,616,-0.015402,0.029408,-0.015595
112,616,-0.015883,0.028013,-0.015466
119,616,-0.016162,0.027555,-0.01488
126,616,-0.016294,0.027735,-0.015033
133,616,-0.015692,0.028521,-0.014763
140,616,-0.014362,0.027553,-0.014064
147,616,-0.013811,0.027871,-0.012483
0,623,-0.025621,0.041857,-0.016784
7,623,-0.023026,0.042272,-0.016952
14,623,-0.022071,0.040911,-0.016603
21,623,-0.021316,0.040282,-0.015999
28,623,-0.020319,0.03996,-0.01544
35,623,-0.019652,0.039937,-0.015393
42,623,-0.017868,0.039957,-0.015521
49,623,-0.016267,0.039824,-0.016289
56,623,-0.015112,0.03917,-0.017132
63,623,-0.013587,0.037052,-0.017327
70,623,-0.012665,0.034489,-0.01684
77,623,-0.01237,0.033281,-0.016811
84,623,-0.012362,0.032017,-0.016267
91,623,-0.012758,0.030804,-0.015547
98,623,-0.014082,0.029118,-0.015634
105,623,-0.014983,0.027996,-0.015958
112,623,-0.015349,0.027383,-0.016049
119,623,-0.015344,0.027243,-0.016211
126,623,-0.015482,0.027592,-0.016526
133,623,-0.014792,0.028456,-0.01636
140,623,-0.013649,0.028651,-0.015272
147,623,-0.012846,0.029386,-0.013799
0,630,-0.023114,0.044347,-0.015853
7,630,-0.022407,0.045441,-0.015576
14,630,-0.021524,0.044416,-0.016031
21,630,-0.020864,0.043264,-0.015983
28,630,-0.02036,0.042667,-0.015615
35,630,-0.019159,0.042325,-0.015387
42,630,-0.017223,0.041267,-0.016259
49,630,-0.015949,0.040415,-0.017237
56,630,-0.014902,0.039082,-0.0174
63,630,-0.013466,0.036932,-0.017222
70,630,-0.012096,0.03448,-0.016776
77,630,-0.011052,0.03248,-0.01692
84,630,-0.010909,0.030645,-0.016799
91,630,-0.011638,0.029531,-0.016295
98,630,-0.013126,0.028619,-0.016094
105,630,-0.01388,0.028327,-0.016816
112,630,-0.014098,0.028175,-0.017195
119,630,-0.014998,0.028049,-0.017329
126,630,-0.015702,0.028669,-0.017579
133,630,-0.015407,0.029963,-0.017499
140,630,-0.014555,0.030144,-0.016369
147,630,-0.013923,0.032393,-0.014693
0,637,-0.021056,0.048415,-0.015423
7,637,-0.021124,0.048834,-0.015693
14,637,-0.020701,0.048337,-0.015436
21,637,-0.019878,0.047055,-0.015275
28,637,-0.019769,0.046411,-0.015257
35,637,-0.018772,0.044113,-0.015299
42,637,-0.016659,0.042104,-0.016282
49,637,-0.015444,0.040435,-0.01686
56,637,-0.014674,0.038572,-0.017393
63,637,-0.013516,0.036237,-0.016971
70,637,-0.011461,0.033488,-0.01664
77,637,-0.0098992,0.031478,-0.016943
84,637,-0.0097589,0.030527,-0.017322
91,637,-0.010724,0.029257,-0.016873
98,637,-0.012407,0.028384,-0.016582
105,637,-0.013067,0.028416,-0.017248
112,637,-0.014002,0.028973,-0.01746
119,637,-0.015226,0.029474,-0.017433
126,637,-0.016426,0.029734,-0.017572
133,637,-0.016723,0.030421,-0.017491
140,637,-0.016195,0.03131,-0.016688
147,637,-0.014751,0.033876,-0.015547
0,644,-0.020718,0.053256,-0.015737
7,644,-0.020091,0.051493,-0.016602
14,644,-0.019364,0.050414,-0.015695
21,644,-0.019082,0.049761,-0.015151
28,644,-0.01878,0.048264,-0.015032
35,644,-0.018107,0.045432,-0.014473
42,644,-0.01546,0.041731,-0.015426
49,644,-0.014401,0.039322,-0.016391
56,644,-0.013601,0.037184,-0.016796
63,644,-0.013128,0.034782,-0.016342
70,644,-0.010983,0.03266,-0.016544
77,644,-0.0094806,0.03112,-0.016825
84,644,-0.0092882,0.029555,-0.016966
91,644,-0.010468,0.028246,-0.016484
98,644,-0.012211,0.027282,-0.016681
105,644,-0.012732,0.027865,-0.017157
112,644,-0.014282,0.028288,-0.017138
119,644,-0.015927,0.029958,-0.017121
126,644,-0.017316,0.031001,-0.017502
133,644,-0.017808,0.03155,-0.017287
140,644,-0.016946,0.03225,-0.017118
147,644,-0.016116,0.033694,-0.016252
0,651,-0.020078,0.056118,-0.016566
7,651,-0.019491,0.053109,-0.017186
14,651,-0.018931,0.051564,-0.016487
21,651,-0.018281,0.049688,-0.015494
28,651,-0.018083,0.046967,-0.014933
35,651,-0.017035,0.044126,-0.014551
42,651,-0.014619,0.040476,-0.015079
49,651,-0.013389,0.037166,-0.015852
56,651,-0.013022,0.034972,-0.016144
63,651,-0.012408,0.032479,-0.016338
70,651,-0.010741,0.0315,-0.016275
77,651,-0.0092474,0.030447,-0.016209
84,651,-0.0091056,0.029065,-0.016189
91,651,-0.010964,0.026975,-0.015416
98,651,-0.012181,0.025901,-0.015655
105,651,-0.012567,0.025874,-0.016372
112,651,-0.014645,0.027107,-0.016428
119,651,-0.016206,0.02841,-0.017387
126,651,-0.017305,0.029678,-0.017459
133,651,-0.018663,0.030062,-0.017193
140,651,-0.018674,0.030861,-0.017101
147,651,-0.016822,0.031648,-0.016708
0,658,-0.017606,0.055185,-0.017361
7,658,-0.018357,0.051155,-0.016613
14,658,-0.017734,0.047411,-0.015924
21,658,-0.017733,0.045907,-0.014942
28,658,-0.018055,0.043679,-0.014372
35,658,-0.017398,0.040883,-0.01414
42,658,-0.014697,0.036993,-0.014429
49,658,-0.013003,0.034264,-0.015181
56,658,-0.012787,0.031967,-0.015648
63,658,-0.012372,0.030747,-0.015805
70,658,-0.011286,0.030215,-0.015572
77,658,-0.0097768,0.029547,-0.015221
84,658,-0.009778,0.027733,-0.014541
91,658,-0.01115,0.026211,-0.013945
98,658,-0.012213,0.025166,-0.014261
105,658,-0.013264,0.024896,-0.0153
112,658,-0.014398,0.025471,-0.016123
119,658,-0.015812,0.026487,-0.016999
126,658,-0.017,0.026885,-0.017501
133,658,-0.018379,0.027474,-0.017612
140,658,-0.018573,0.027932,-0.018477
147,658,-0.016524,0.028923,-0.017628
0,665,-0.017068,0.051737,-0.014639
7,665,-0.017704,0.047201,-0.0136
14,665,-0.017114,0.043876,-0.012676
21,665,-0.017644,0.041521,-0.012376
28,665,-0.017967,0.039433,-0.012389
35,665,-0.016975,0.035969,-0.012996
42,665,-0.014573,0.034269,-0.013283
49,665,-0.013067,0.031611,-0.013917
56,665,-0.012856,0.029257,-0.014667
63,665,-0.012612,0.027977,-0.015058
70,665,-0.011771,0.027535,-0.014666
77,665,-0.010599,0.027277,-0.014158
84,665,-0.010565,0.02654,-0.013214
91,665,-0.01162,0.025127,-0.012997
98,665,-0.012494,0.024542,-0.013577
105,665,-0.013543,0.024067,-0.014518
112,665,-0.014332,0.025156,-0.015506
119,665,-0.014932,0.025846,-0.016984
126,665,-0.01626,0.025548,-0.017562
133,665,-0.017564,0.025837,-0.018189
140,665,-0.017309,0.026696,-0.01919
147,665,-0.015953,0.026768,-0.019468
0,672,-0.016425,0.054832,-0.00708
7,672,-0.017505,0.045436,-0.0098446
14,672,-0.016409,0.041426,-0.0089972
21,672,-0.016813,0.039642,-0.0093002
28,672,-0.016948,0.037202,-0.01063
35,672,-0.016526,0.033998,-0.011371
42,672,-0.014902,0.032442,-0.011869
49,672,-0.013257,0.030294,-0.012198
56,672,-0.012741,0.027813,-0.013098
63,672,-0.013061,0.026423,-0.013638
70,672,-0.011985,0.025366,-0.013495
77,672,-0.010885,0.025263,-0.013155
84,672,-0.010799,0.025223,-0.012549
91,672,-0.011719,0.024625,-0.012518
98,672,-0.012884,0.024831,-0.013253
105,672,-0.01341,0.024956,-0.014692
112,672,-0.013526,0.025189,-0.016198
119,672,-0.014389,0.025613,-0.017213
126,672,-0.015819,0.025481,-0.017797
133,672,-0.016514,0.025666,-0.018576
140,672,-0.016971,0.025479,-0.019863
147,672,-0.015565,0.024828,-0.020373
0,679,-0.015385,0.052858,-0.0038174
7,679,-0.014527,0.04887,-0.0027895
14,679,-0.01452,0.045578,-0.0037462
21,679,-0.015187,0.04338,-0.0054942
28,679,-0.015869,0.037922,-0.0085591
35,679,-0.016307,0.03417,-0.00947
42,679,-0.014931,0.032003,-0.01006
49,679,-0.013356,0.02989,-0.01036
56,679,-0.013193,0.02793,-0.011448
63,679,-0.012933,0.026081,-0.012357
70,679,-0.012412,0.02553,-0.012762
77,679,-0.011468,0.025272,-0.012349
84,679,-0.010515,0.025418,-0.012584
91,679,-0.011619,0.026093,-0.012637
98,679,-0.012344,0.0264,-0.013338
105,679,-0.012801,0.026706,-0.014729
112,679,-0.013667,0.026706,-0.016489
119,679,-0.014358,0.026069,-0.017762
126,679,-0.015733,0.025991,-0.018018
133,679,-0.016484,0.02556,-0.019172
140,679,-0.016449,0.025646,-0.020393
147,679,-0.014655,0.023642,-0.021556
0,686,-0.012878,0.051116,-0.00066546
7,686,-0.011102,0.04736,0.0012012
14,686,-0.012612,0.044203,-0.00083393
21,686,-0.014055,0.043063,-0.0033203
28,686,-0.014233,0.040174,-0.0045606
35,686,-0.015987,0.034617,-0.0075301
42,686,-0.0151,0.032592,-0.0081685
49,686,-0.013317,0.030844,-0.0087581
56,686,-0.013161,0.029307,-0.010335
63,686,-0.013031,0.028113,-0.011664
70,686,-0.012541,0.027619,-0.012568
77,686,-0.011577,0.027801,-0.012816
84,686,-0.011129,0.027926,-0.012802
91,686,-0.011691,0.028629,-0.012992
98,686,-0.01217,0.028654,-0.013357
105,686,-0.012617,0.028953,-0.014661
112,686,-0.012135,0.028533,-0.016427
119,686,-0.013506,0.027056,-0.017792
126,686,-0.01468,0.025359,-0.018421
133,686,-0.015187,0.024423,-0.019577
140,686,-0.014848,0.025299,-0.021737
147,686,-0.013478,0.023671,-0.023048
0,693,-0.0064866,0.047713,0.0041011
7,693,-0.0078933,0.043431,0.0040687
14,693,-0.0098218,0.04227,0.00211
21,693,-0.011068,0.040771,0.00016743
28,693,-0.011968,0.038686,-0.0011205
35,693,-0.015067,0.034834,-0.0050695
42,693,-0.014857,0.033965,-0.0067193
49,693,-0.013236,0.032697,-0.0078412
56,693,-0.012378,0.032237,-0.0093864
63,693,-0.012565,0.031643,-0.01112
70,693,-0.012316,0.030989,-0.012295
77,693,-0.011744,0.030379,-0.012573
84,693,-0.012128,0.030019,-0.012472
91,693,-0.012226,0.029475,-0.013159
98,693,-0.012018,0.029522,-0.013951
105,693,-0.011451,0.029582,-0.015486
112,693,-0.011019,0.028373,-0.016693
119,693,-0.011606,0.026786,-0.017658
126,693,-0.011523,0.025659,-0.018564
133,693,-0.011513,0.024427,-0.020083
140,693,-0.011396,0.024097,-0.022782
147,693,-0.012531,0.022492,-0.024093
0,700,-0.013603,0.036482,-0.0026686
7,700,-0.016591,0.0322,-0.003337
14,700,-0.016269,0.033279,-0.002545
21,700,-0.016373,0.03277,-0.0039408
28,700,-0.011268,0.037018,-5.8969e-05
35,700,-0.012643,0.035333,-0.0034199
42,700,-0.013595,0.034431,-0.0064422
49,700,-0.012999,0.034556,-0.0082757
56,700,-0.012685,0.03516,-0.0096504
63,700,-0.012303,0.034271,-0.011174
70,700,-0.012305,0.032888,-0.012077
77,700,-0.012231,0.032456,-0.01237
84,700,-0.012495,0.031198,-0.012553
91,700,-0.012144,0.030617,-0.013272
98,700,-0.011341,0.029024,-0.013931
105,700,-0.010353,0.028888,-0.015581
112,700,-0.0098444,0.028559,-0.017272
119,700,-0.0093499,0.02694,-0.017917
126,700,-0.0087259,0.025592,-0.018779
133,700,-0.0083735,0.023813,-0.01955
140,700,-0.0086075,0.022463,-0.021629
147,700,-0.010722,0.019818,-0.021472
0,707,-0.011619,0.033284,0.00098064
7,707,-0.012144,0.032986,0.0022096
14,707,-0.012479,0.033588,0.0014496
21,707,-0.012598,0.03431,-0.0006439
28,707,-0.014596,0.032771,-0.0042308
35,707,-0.009127,0.037024,-0.0020619
42,707,-0.012158,0.036274,-0.0073792
49,707,-0.012385,0.036481,-0.0097285
56,707,-0.012399,0.037161,-0.01142
63,707,-0.012583,0.037264,-0.012485
70,707,-0.012716,0.036579,-0.01265
77,707,-0.013036,0.034792,-0.012481
84,707,-0.013396,0.032998,-0.01283
91,707,-0.012836,0.032738,-0.013562
98,707,-0.010673,0.032521,-0.014093
105,707,-0.008652,0.031434,-0.015631
112,707,-0.0081846,0.02973,-0.016989
119,707,-0.0076552,0.027314,-0.0171
126,707,-0.0070714,0.025804,-0.016809
133,707,-0.0070908,0.025092,-0.017302
140,707,-0.0082576,0.022596,-0.017926
147,707,-0.0086716,0.019873,-0.018827
0,714,-0.010898,0.02938,0.0012193
7,714,-0.011373,0.030856,0.0027811
14,714,-0.010676,0.032932,0.0014556
21,714,-0.010731,0.034047,-0.00096403
28,714,-0.011282,0.03549,-0.0029561
35,714,-0.0071695,0.039123,-0.004122
42,714,-0.0089978,0.039191,-0.007843
49,714,-0.011218,0.038964,-0.010809
56,714,-0.012944,0.038724,-0.012302
63,714,-0.012814,0.038647,-0.013108
70,714,-0.013399,0.037281,-0.012735
77,714,-0.013817,0.036024,-0.01278
84,714,-0.013264,0.035861,-0.013308
91,714,-0.012592,0.034558,-0.014207
98,714,-0.010188,0.034147,-0.01511
105,714,-0.0080545,0.03269,-0.015059
112,714,-0.0068703,0.030124,-0.015636
119,714,-0.0071207,0.02679,-0.015583
126,714,-0.0061626,0.025173,-0.015865
133,714,-0.005509,0.024603,-0.015377
140,714,-0.0060797,0.022788,-0.015265
147,714,-0.0067474,0.020252,-0.015799
0,721,0,0,0
7,721,-0.010623,0.025997,0.0010253
14,721,-0.0097625,0.028276,-0.0002054
21,721,-0.0093601,0.03076,-0.0024918
28,721,-0.0098535,0.033504,-0.0042953
35,721,-0.0045615,0.03976,-0.0053995
42,721,-0.0046238,0.040011,-0.008472
49,721,-0.0099839,0.040043,-0.011826
56,721,-0.012919,0.04006,-0.013333
63,721,-0.013051,0.040832,-0.013964
70,721,-0.013257,0.039239,-0.01312
77,721,-0.013449,0.038199,-0.013033
84,721,-0.012743,0.036843,-0.013585
91,721,-0.011987,0.034944,-0.014175
98,721,-0.0099215,0.034414,-0.014854
105,721,-0.0068261,0.033032,-0.014372
112,721,-0.0055724,0.028796,-0.014678
119,721,-0.0067699,0.025122,-0.014713
126,721,-0.0061925,0.023329,-0.014559
133,721,-0.0050701,0.02258,-0.013997
140,721,-0.0051567,0.020676,-0.01398
147,721,-0.0059246,0.017183,-0.013999
0,728,-0.0093197,0.014158,-0.0022674
7,728,-0.0080261,0.018314,-0.001847
14,728,-0.0074018,0.022351,-0.0029245
21,728,-0.0075651,0.024507,-0.0052063
28,728,-0.0079786,0.028093,-0.0070408
35,728,-0.0099261,0.031712,-0.014582
42,728,-0.0054127,0.038546,-0.010271
49,728,-0.011378,0.039529,-0.013387
56,728,-0.012887,0.04019,-0.014727
63,728,-0.013031,0.040747,-0.015236
70,728,-0.013362,0.039797,-0.014132
77,728,-0.013784,0.03807,-0.013396
84,728,-0.013359,0.03655,-0.01367
91,728,-0.012391,0.034381,-0.014015
98,728,-0.010443,0.032308,-0.014294
105,728,-0.0069432,0.029575,-0.013085
112,728,-0.0052536,0.025475,-0.012724
119,728,-0.0058299,0.021414,-0.012842
126,728,-0.0055724,0.019464,-0.013531
133,728,-0.0047575,0.017355,-0.012823
140,728,-0.0051672,0.016293,-0.012755
147,728,-0.0056116,0.01388,-0.012232
0,735,-0.0087458,0.001049,-0.0065489
7,735,-0.0045929,0.007072,-0.0056322
14,735,-0.0037078,0.013245,-0.0079914
21,735,-0.004996,0.017348,-0.0094344
28,735,-0.0060846,0.02848,-0.013556
35,735,0.0049219,0.038214,-0.0080879
42,735,-0.0039919,0.037142,-0.013256
49,735,-0.0099067,0.038112,-0.01461
56,735,-0.013145,0.039323,-0.016396
63,735,-0.013649,0.037904,-0.016096
70,735,-0.014292,0.037346,-0.014912
77,735,-0.015265,0.036734,-0.015247
84,735,-0.01497,0.034609,-0.014715
91,735,-0.013491,0.034267,-0.01441
98,735,-0.012129,0.030268,-0.013527
105,735,-0.0090461,0.026087,-0.011912
112,735,-0.0055727,0.021233,-0.0095484
119,735,-0.0043218,0.018123,-0.0096281
126,735,-0.0033617,0.015949,-0.010586
133,735,-0.0015783,0.013971,-0.011255
140,735,-0.0020118,0.013142,-0.010848
147,735,-0.0052734,0.012182,-0.0091536
